beacon_000000.jpg,virtual,5,beacon,0,0.244000,0.250923,0.019200,0.029520,0.9773
beacon_000001.jpg,virtual,10,beacon,0,0.248000,0.255843,0.019200,0.029520,0.9878
beacon_000002.jpg,virtual,15,beacon,0,0.252000,0.260763,0.019200,0.029520,0.9917
beacon_000003.jpg,virtual,20,beacon,0,0.256000,0.265683,0.019200,0.029520,0.9932
beacon_000004.jpg,virtual,25,beacon,0,0.260000,0.270603,0.019200,0.029520,0.9937
beacon_000005.jpg,virtual,30,beacon,0,0.264000,0.275523,0.019200,0.029520,0.9939
beacon_000006.jpg,virtual,35,beacon,0,0.268000,0.280443,0.019200,0.029520,0.9940
beacon_000007.jpg,virtual,40,beacon,0,0.272000,0.285363,0.019200,0.029520,0.9940
beacon_000008.jpg,virtual,45,beacon,0,0.276000,0.290283,0.019200,0.029520,0.9940
beacon_000009.jpg,virtual,50,beacon,0,0.280000,0.295203,0.019200,0.029520,0.9940
beacon_000010.jpg,virtual,55,beacon,0,0.284000,0.300123,0.019200,0.029520,0.9940
beacon_000011.jpg,virtual,60,beacon,0,0.288000,0.305043,0.019200,0.029520,0.9940
beacon_000012.jpg,virtual,65,beacon,0,0.292000,0.309963,0.019200,0.029520,0.9940
beacon_000013.jpg,virtual,70,beacon,0,0.296000,0.314883,0.019200,0.029520,0.9940
beacon_000014.jpg,virtual,75,beacon,0,0.300000,0.319803,0.019200,0.029520,0.9940
beacon_000015.jpg,virtual,80,beacon,0,0.304000,0.324723,0.019200,0.029520,0.9940
beacon_000016.jpg,virtual,85,beacon,0,0.308000,0.329643,0.019200,0.029520,0.9940
beacon_000017.jpg,virtual,90,beacon,0,0.312000,0.334563,0.019200,0.029520,0.9948
beacon_000018.jpg,virtual,95,beacon,0,0.316000,0.339483,0.019200,0.029520,0.9935
beacon_000019.jpg,virtual,100,beacon,0,0.320000,0.344403,0.019200,0.029520,0.9929
beacon_000020.jpg,virtual,105,beacon,0,0.324000,0.349323,0.019200,0.029520,0.9925
beacon_000021.jpg,virtual,110,beacon,0,0.328000,0.354244,0.019200,0.029520,0.9923
beacon_000022.jpg,virtual,115,beacon,0,0.332000,0.359164,0.019200,0.029520,0.9922
beacon_000023.jpg,virtual,120,beacon,0,0.336000,0.364084,0.019200,0.029520,0.9922
beacon_000024.jpg,virtual,125,beacon,0,0.344157,0.375188,0.019200,0.029520,0.9880
beacon_000025.jpg,virtual,130,beacon,0,0.352314,0.386292,0.019200,0.029520,0.9857
beacon_000026.jpg,virtual,135,beacon,0,0.360472,0.397396,0.019200,0.029520,0.9846
beacon_000027.jpg,virtual,140,beacon,0,0.368629,0.408500,0.019200,0.029520,0.9839
beacon_000028.jpg,virtual,145,beacon,0,0.376786,0.419604,0.019200,0.029520,0.9836
beacon_000029.jpg,virtual,150,beacon,0,0.384943,0.430708,0.019200,0.029520,0.9834
beacon_000030.jpg,virtual,155,beacon,0,0.393101,0.441812,0.019200,0.029520,0.9834
beacon_000031.jpg,virtual,160,beacon,0,0.401258,0.452916,0.019200,0.029520,0.9833
beacon_000032.jpg,virtual,165,beacon,0,0.409415,0.464020,0.019200,0.029520,0.9833
beacon_000033.jpg,virtual,170,beacon,0,0.417572,0.475124,0.019200,0.029520,0.9833
beacon_000034.jpg,virtual,175,beacon,0,0.425730,0.486228,0.019200,0.029520,0.9833
beacon_000035.jpg,virtual,180,beacon,0,0.433887,0.497332,0.019200,0.029520,0.9833
beacon_000036.jpg,virtual,185,beacon,0,0.442044,0.508436,0.019200,0.029520,0.9833
beacon_000037.jpg,virtual,190,beacon,0,0.450201,0.519540,0.019200,0.029520,0.9833
beacon_000038.jpg,virtual,195,beacon,0,0.458359,0.530644,0.019200,0.029520,0.9833
beacon_000039.jpg,virtual,200,beacon,0,0.466516,0.541749,0.019200,0.029520,0.9833
beacon_000040.jpg,virtual,205,beacon,0,0.474673,0.552853,0.019200,0.029520,0.9833
beacon_000041.jpg,virtual,210,beacon,0,0.482830,0.563957,0.019200,0.029520,0.9833
beacon_000042.jpg,virtual,215,beacon,0,0.490988,0.575061,0.019200,0.029520,0.9833
beacon_000043.jpg,virtual,220,beacon,0,0.499145,0.586165,0.019200,0.029520,0.9833
beacon_000044.jpg,virtual,225,beacon,0,0.507302,0.597269,0.019200,0.029520,0.9833
beacon_000045.jpg,virtual,230,beacon,0,0.515459,0.608373,0.019200,0.029520,0.9833
beacon_000046.jpg,virtual,235,beacon,0,0.523617,0.619477,0.019200,0.029520,0.9833
beacon_000047.jpg,virtual,240,beacon,0,0.531774,0.630581,0.019200,0.029520,0.9833
beacon_000048.jpg,virtual,245,beacon,0,0.539875,0.630893,0.019200,0.029520,0.9861
beacon_000049.jpg,virtual,250,beacon,0,0.547977,0.631205,0.019200,0.029520,0.9871
beacon_000050.jpg,virtual,255,beacon,0,0.556079,0.631518,0.019200,0.029520,0.9874
beacon_000051.jpg,virtual,260,beacon,0,0.564180,0.631830,0.019200,0.029520,0.9875
beacon_000052.jpg,virtual,265,beacon,0,0.572282,0.632142,0.019200,0.029520,0.9875
beacon_000053.jpg,virtual,270,beacon,0,0.580383,0.632454,0.019200,0.029520,0.9875
beacon_000054.jpg,virtual,275,beacon,0,0.588485,0.632766,0.019200,0.029520,0.9875
beacon_000055.jpg,virtual,280,beacon,0,0.596586,0.633079,0.019200,0.029520,0.9875
beacon_000056.jpg,virtual,285,beacon,0,0.604688,0.633391,0.019200,0.029520,0.9875
beacon_000057.jpg,virtual,290,beacon,0,0.612790,0.633703,0.019200,0.029520,0.9875
beacon_000058.jpg,virtual,295,beacon,0,0.620891,0.634015,0.019200,0.029520,0.9875
beacon_000059.jpg,virtual,300,beacon,0,0.628993,0.634327,0.019200,0.029520,0.9875
beacon_000060.jpg,virtual,305,beacon,0,0.659594,0.669301,0.019200,0.029520,0.9660
beacon_000061.jpg,virtual,310,beacon,0,0.690196,0.704274,0.019200,0.029520,0.9484
beacon_000062.jpg,virtual,315,beacon,0,0.720797,0.739247,0.019200,0.029520,0.9307
beacon_000063.jpg,virtual,320,beacon,0,0.751398,0.774220,0.019200,0.029520,0.9047
beacon_000064.jpg,virtual,325,beacon,0,0.782000,0.763764,0.019200,0.029520,0.8958
beacon_000065.jpg,virtual,330,beacon,0,0.772039,0.728791,0.019200,0.029520,0.9197
beacon_000066.jpg,virtual,335,beacon,0,0.741438,0.693818,0.019200,0.029520,0.9564
beacon_000067.jpg,virtual,340,beacon,0,0.710836,0.658845,0.019200,0.029520,0.9814
beacon_000068.jpg,virtual,345,beacon,0,0.680235,0.623871,0.019200,0.029520,0.9710
beacon_000069.jpg,virtual,350,beacon,0,0.649634,0.588898,0.019200,0.029520,0.9551
beacon_000070.jpg,virtual,355,beacon,0,0.619032,0.553925,0.019200,0.029520,0.9390
beacon_000071.jpg,virtual,360,beacon,0,0.588431,0.518952,0.019200,0.029520,0.9225
beacon_000072.jpg,virtual,365,beacon,0,0.568431,0.488202,0.019200,0.029520,0.9167
beacon_000073.jpg,virtual,370,beacon,0,0.548431,0.457451,0.019200,0.029520,0.9108
beacon_000074.jpg,virtual,375,beacon,0,0.528431,0.426701,0.019200,0.029520,0.9049
beacon_000075.jpg,virtual,380,beacon,0,0.508431,0.395951,0.019200,0.029520,0.8991
beacon_000076.jpg,virtual,385,beacon,0,0.488431,0.365200,0.019200,0.029520,0.8932
beacon_000077.jpg,virtual,390,beacon,0,0.468431,0.334450,0.019200,0.029520,0.8873
beacon_000078.jpg,virtual,395,beacon,0,0.153077,0.666667,0.019200,0.029520,0.9222
beacon_000079.jpg,virtual,400,beacon,0,0.171012,0.697417,0.019200,0.029520,0.9548
beacon_000080.jpg,virtual,405,beacon,0,0.188946,0.728167,0.019200,0.029520,0.9713
beacon_000081.jpg,virtual,410,beacon,0,0.206881,0.758918,0.019200,0.029520,0.9516
beacon_000082.jpg,virtual,415,beacon,0,0.224815,0.784748,0.019200,0.029520,0.9324
beacon_000083.jpg,virtual,420,beacon,0,0.242750,0.753998,0.019200,0.029520,0.9504
beacon_000084.jpg,virtual,425,beacon,0,0.260685,0.723247,0.019200,0.029520,0.9660
beacon_000085.jpg,virtual,430,beacon,0,0.278619,0.692497,0.019200,0.029520,0.9732
beacon_000086.jpg,virtual,435,beacon,0,0.296554,0.661747,0.019200,0.029520,0.9684
beacon_000087.jpg,virtual,440,beacon,0,0.314489,0.630996,0.019200,0.029520,0.9625
beacon_000088.jpg,virtual,445,beacon,0,0.332423,0.600246,0.019200,0.029520,0.9581
beacon_000089.jpg,virtual,450,beacon,0,0.353280,0.603431,0.019200,0.029520,0.9607
beacon_000090.jpg,virtual,455,beacon,0,0.376085,0.629240,0.019200,0.029520,0.9546
beacon_000091.jpg,virtual,460,beacon,0,0.398891,0.655049,0.019200,0.029520,0.9456
beacon_000092.jpg,virtual,465,beacon,0,0.421696,0.680858,0.019200,0.029520,0.9373
beacon_000093.jpg,virtual,470,beacon,0,0.444501,0.706666,0.019200,0.029520,0.9298
beacon_000094.jpg,virtual,475,beacon,0,0.467307,0.732475,0.019200,0.029520,0.9207
beacon_000095.jpg,virtual,480,beacon,0,0.490112,0.758284,0.019200,0.029520,0.9065
beacon_000096.jpg,virtual,485,beacon,0,0.512917,0.784093,0.019200,0.029520,0.8908
beacon_000097.jpg,virtual,490,beacon,0,0.535723,0.764101,0.019200,0.029520,0.8921
beacon_000098.jpg,virtual,495,beacon,0,0.313065,0.109318,0.019200,0.029520,0.9038
beacon_000099.jpg,virtual,500,beacon,0,0.333065,0.133442,0.019200,0.029520,0.9406
beacon_000100.jpg,virtual,505,beacon,0,0.353065,0.157566,0.019200,0.029520,0.9728
beacon_000101.jpg,virtual,510,beacon,0,0.373065,0.181690,0.019200,0.029520,0.9793
beacon_000102.jpg,virtual,515,beacon,0,0.393065,0.205814,0.019200,0.029520,0.9725
beacon_000103.jpg,virtual,520,beacon,0,0.413065,0.229938,0.019200,0.029520,0.9673
beacon_000104.jpg,virtual,525,beacon,0,0.433065,0.254062,0.019200,0.029520,0.9639
beacon_000105.jpg,virtual,530,beacon,0,0.453065,0.278186,0.019200,0.029520,0.9604
beacon_000106.jpg,virtual,535,beacon,0,0.473065,0.302310,0.019200,0.029520,0.9569
beacon_000107.jpg,virtual,540,beacon,0,0.493065,0.326434,0.019200,0.029520,0.9534
beacon_000108.jpg,virtual,545,beacon,0,0.513065,0.350558,0.019200,0.029520,0.9497
beacon_000109.jpg,virtual,550,beacon,0,0.533065,0.374682,0.019200,0.029520,0.9460
beacon_000110.jpg,virtual,555,beacon,0,0.553065,0.398806,0.019200,0.029520,0.9422
beacon_000111.jpg,virtual,560,beacon,0,0.573065,0.422930,0.019200,0.029520,0.9384
beacon_000112.jpg,virtual,565,beacon,0,0.593065,0.447054,0.019200,0.029520,0.9345
beacon_000113.jpg,virtual,570,beacon,0,0.613065,0.471178,0.019200,0.029520,0.9306
beacon_000114.jpg,virtual,575,beacon,0,0.633065,0.495302,0.019200,0.029520,0.9266
beacon_000115.jpg,virtual,580,beacon,0,0.653065,0.519426,0.019200,0.029520,0.9226
beacon_000116.jpg,virtual,585,beacon,0,0.673065,0.543550,0.019200,0.029520,0.9187
beacon_000117.jpg,virtual,590,beacon,0,0.693065,0.567674,0.019200,0.029520,0.9146
beacon_000118.jpg,virtual,595,beacon,0,0.713065,0.591798,0.019200,0.029520,0.9106
beacon_000119.jpg,virtual,600,beacon,0,0.733065,0.615922,0.019200,0.029520,0.9066
beacon_000120.jpg,virtual,605,beacon,0,0.753065,0.640046,0.019200,0.029520,0.9025
beacon_000121.jpg,virtual,610,beacon,0,0.773065,0.664170,0.019200,0.029520,0.8984
beacon_000122.jpg,virtual,615,beacon,0,0.201732,0.239837,0.019200,0.029520,0.9106
beacon_000123.jpg,virtual,620,beacon,0,0.233473,0.276884,0.019200,0.029520,0.9150
beacon_000124.jpg,virtual,625,beacon,0,0.265214,0.313932,0.019200,0.029520,0.9003
beacon_000125.jpg,virtual,630,beacon,0,0.253183,0.486895,0.019200,0.029520,0.9653
beacon_000126.jpg,virtual,635,beacon,0,0.225679,0.524544,0.019200,0.029520,0.9767
beacon_000127.jpg,virtual,640,beacon,0,0.198175,0.562194,0.019200,0.029520,0.9605
beacon_000128.jpg,virtual,645,beacon,0,0.170671,0.599843,0.019200,0.029520,0.9452
beacon_000129.jpg,virtual,650,beacon,0,0.143167,0.637492,0.019200,0.029520,0.9302
beacon_000130.jpg,virtual,655,beacon,0,0.115663,0.675142,0.019200,0.029520,0.9153
beacon_000131.jpg,virtual,660,beacon,0,0.088160,0.712791,0.019200,0.029520,0.9004
beacon_000132.jpg,virtual,665,beacon,0,0.060656,0.750440,0.019200,0.029520,0.8854
beacon_000133.jpg,virtual,670,beacon,0,0.026102,0.724509,0.019200,0.029520,0.9097
beacon_000134.jpg,virtual,675,beacon,0,0.053606,0.686860,0.019200,0.029520,0.9513
beacon_000135.jpg,virtual,680,beacon,0,0.081110,0.649210,0.019200,0.029520,0.9745
beacon_000136.jpg,virtual,685,beacon,0,0.108614,0.611561,0.019200,0.029520,0.9724
beacon_000137.jpg,virtual,690,beacon,0,0.136118,0.573912,0.019200,0.029520,0.9572
beacon_000138.jpg,virtual,695,beacon,0,0.163621,0.536262,0.019200,0.029520,0.9429
beacon_000139.jpg,virtual,700,beacon,0,0.191125,0.498613,0.019200,0.029520,0.9283
beacon_000140.jpg,virtual,705,beacon,0,0.218629,0.460964,0.019200,0.029520,0.9135
beacon_000141.jpg,virtual,710,beacon,0,0.246133,0.423314,0.019200,0.029520,0.8987
beacon_000142.jpg,virtual,715,beacon,0,0.077600,0.164535,0.019200,0.029520,0.9194
beacon_000143.jpg,virtual,720,beacon,0,0.097600,0.133785,0.019200,0.029520,0.9417
beacon_000144.jpg,virtual,725,beacon,0,0.117600,0.103034,0.019200,0.029520,0.9445
beacon_000145.jpg,virtual,730,beacon,0,0.137600,0.072284,0.019200,0.029520,0.9385
beacon_000146.jpg,virtual,735,beacon,0,0.157600,0.041534,0.019200,0.029520,0.9324
beacon_000147.jpg,virtual,740,beacon,0,0.177600,0.014760,0.019200,0.029520,0.9294
beacon_000148.jpg,virtual,745,beacon,0,0.197600,0.045510,0.019200,0.029520,0.9459
beacon_000149.jpg,virtual,750,beacon,0,0.217600,0.076261,0.019200,0.029520,0.9579
beacon_000150.jpg,virtual,755,beacon,0,0.237600,0.107011,0.019200,0.029520,0.9607
beacon_000151.jpg,virtual,760,beacon,0,0.257600,0.137761,0.019200,0.029520,0.9547
beacon_000152.jpg,virtual,765,beacon,0,0.277600,0.168512,0.019200,0.029520,0.9478
beacon_000153.jpg,virtual,770,beacon,0,0.297600,0.199262,0.019200,0.029520,0.9420
beacon_000154.jpg,virtual,775,beacon,0,0.317600,0.230012,0.019200,0.029520,0.9364
beacon_000155.jpg,virtual,780,beacon,0,0.337600,0.260763,0.019200,0.029520,0.9307
beacon_000156.jpg,virtual,785,beacon,0,0.357600,0.283987,0.019200,0.029520,0.9274
beacon_000157.jpg,virtual,790,beacon,0,0.377600,0.305330,0.019200,0.029520,0.9246
beacon_000158.jpg,virtual,795,beacon,0,0.397600,0.326673,0.019200,0.029520,0.9217
beacon_000159.jpg,virtual,800,beacon,0,0.417600,0.348016,0.019200,0.029520,0.9185
beacon_000160.jpg,virtual,805,beacon,0,0.437600,0.369358,0.019200,0.029520,0.9152
beacon_000161.jpg,virtual,810,beacon,0,0.457600,0.390701,0.019200,0.029520,0.9116
beacon_000162.jpg,virtual,815,beacon,0,0.477600,0.412044,0.019200,0.029520,0.9078
beacon_000163.jpg,virtual,820,beacon,0,0.497600,0.433387,0.019200,0.029520,0.9038
beacon_000164.jpg,virtual,825,beacon,0,0.517600,0.454730,0.019200,0.029520,0.8998
beacon_000165.jpg,virtual,830,beacon,0,0.330639,0.752314,0.019200,0.029520,0.9330
beacon_000166.jpg,virtual,835,beacon,0,0.300085,0.719880,0.019200,0.029520,0.9663
beacon_000167.jpg,virtual,840,beacon,0,0.269530,0.687445,0.019200,0.029520,0.9655
beacon_000168.jpg,virtual,845,beacon,0,0.238976,0.655011,0.019200,0.029520,0.9478
beacon_000169.jpg,virtual,850,beacon,0,0.208422,0.622577,0.019200,0.029520,0.9308
beacon_000170.jpg,virtual,855,beacon,0,0.177867,0.590143,0.019200,0.029520,0.9147
beacon_000171.jpg,virtual,860,beacon,0,0.147313,0.557709,0.019200,0.029520,0.8985
beacon_000172.jpg,virtual,865,beacon,0,0.516738,0.414514,0.019200,0.029520,0.9326
beacon_000173.jpg,virtual,870,beacon,0,0.533330,0.445264,0.019200,0.029520,0.9801
beacon_000174.jpg,virtual,875,beacon,0,0.549922,0.476015,0.019200,0.029520,0.9909
beacon_000175.jpg,virtual,880,beacon,0,0.566513,0.506765,0.019200,0.029520,0.9765
beacon_000176.jpg,virtual,885,beacon,0,0.583105,0.537515,0.019200,0.029520,0.9687
beacon_000177.jpg,virtual,890,beacon,0,0.599697,0.568266,0.019200,0.029520,0.9637
beacon_000178.jpg,virtual,895,beacon,0,0.616288,0.599016,0.019200,0.029520,0.9594
beacon_000179.jpg,virtual,900,beacon,0,0.632880,0.629766,0.019200,0.029520,0.9555
beacon_000180.jpg,virtual,905,beacon,0,0.649472,0.660517,0.019200,0.029520,0.9516
beacon_000181.jpg,virtual,910,beacon,0,0.666064,0.691267,0.019200,0.029520,0.9477
beacon_000182.jpg,virtual,915,beacon,0,0.687526,0.688716,0.019200,0.029520,0.9585
beacon_000183.jpg,virtual,920,beacon,0,0.712235,0.663963,0.019200,0.029520,0.9592
beacon_000184.jpg,virtual,925,beacon,0,0.736944,0.639211,0.019200,0.029520,0.9491
beacon_000185.jpg,virtual,930,beacon,0,0.761653,0.614458,0.019200,0.029520,0.9331
beacon_000186.jpg,virtual,935,beacon,0,0.786362,0.589706,0.019200,0.029520,0.9071
beacon_000187.jpg,virtual,940,beacon,0,0.770633,0.564954,0.019200,0.029520,0.9226
beacon_000188.jpg,virtual,945,beacon,0,0.745924,0.540201,0.019200,0.029520,0.9464
beacon_000189.jpg,virtual,950,beacon,0,0.721215,0.515449,0.019200,0.029520,0.9672
beacon_000190.jpg,virtual,955,beacon,0,0.696506,0.490696,0.019200,0.029520,0.9754
beacon_000191.jpg,virtual,960,beacon,0,0.671797,0.465944,0.019200,0.029520,0.9685
beacon_000192.jpg,virtual,965,beacon,0,0.647087,0.441192,0.019200,0.029520,0.9617
beacon_000193.jpg,virtual,970,beacon,0,0.622378,0.416439,0.019200,0.029520,0.9543
beacon_000194.jpg,virtual,975,beacon,0,0.600495,0.393693,0.019200,0.029520,0.9495
beacon_000195.jpg,virtual,980,beacon,0,0.580495,0.372285,0.019200,0.029520,0.9463
beacon_000196.jpg,virtual,985,beacon,0,0.560495,0.350876,0.019200,0.029520,0.9427
beacon_000197.jpg,virtual,990,beacon,0,0.540495,0.329468,0.019200,0.029520,0.9389
beacon_000198.jpg,virtual,995,beacon,0,0.520495,0.308060,0.019200,0.029520,0.9350
beacon_000199.jpg,virtual,1000,beacon,0,0.500495,0.286651,0.019200,0.029520,0.9311
beacon_000200.jpg,virtual,1005,beacon,0,0.480495,0.265243,0.019200,0.029520,0.9271
beacon_000201.jpg,virtual,1010,beacon,0,0.460495,0.243834,0.019200,0.029520,0.9231
beacon_000202.jpg,virtual,1015,beacon,0,0.440495,0.222426,0.019200,0.029520,0.9190
beacon_000203.jpg,virtual,1020,beacon,0,0.420495,0.201017,0.019200,0.029520,0.9150
beacon_000204.jpg,virtual,1025,beacon,0,0.400495,0.179609,0.019200,0.029520,0.9109
beacon_000205.jpg,virtual,1030,beacon,0,0.380495,0.158200,0.019200,0.029520,0.9068
beacon_000206.jpg,virtual,1035,beacon,0,0.360495,0.136792,0.019200,0.029520,0.9028
beacon_000207.jpg,virtual,1040,beacon,0,0.340495,0.115383,0.019200,0.029520,0.8987
beacon_000208.jpg,virtual,1045,beacon,0,0.017600,0.272848,0.019200,0.029520,0.9113
beacon_000209.jpg,virtual,1050,beacon,0,0.037600,0.293788,0.019200,0.029520,0.9314
beacon_000210.jpg,virtual,1055,beacon,0,0.057600,0.314727,0.019200,0.029520,0.9509
beacon_000211.jpg,virtual,1060,beacon,0,0.077600,0.335667,0.019200,0.029520,0.9686
beacon_000212.jpg,virtual,1065,beacon,0,0.097600,0.356607,0.019200,0.029520,0.9790
beacon_000213.jpg,virtual,1070,beacon,0,0.117600,0.377546,0.019200,0.029520,0.9753
beacon_000214.jpg,virtual,1075,beacon,0,0.137600,0.398486,0.019200,0.029520,0.9700
beacon_000215.jpg,virtual,1080,beacon,0,0.157600,0.419425,0.019200,0.029520,0.9665
beacon_000216.jpg,virtual,1085,beacon,0,0.177600,0.440365,0.019200,0.029520,0.9632
beacon_000217.jpg,virtual,1090,beacon,0,0.197600,0.461304,0.019200,0.029520,0.9597
beacon_000218.jpg,virtual,1095,beacon,0,0.217600,0.482244,0.019200,0.029520,0.9560
beacon_000219.jpg,virtual,1100,beacon,0,0.237600,0.503183,0.019200,0.029520,0.9523
beacon_000220.jpg,virtual,1105,beacon,0,0.257600,0.524123,0.019200,0.029520,0.9485
beacon_000221.jpg,virtual,1110,beacon,0,0.277600,0.545062,0.019200,0.029520,0.9446
beacon_000222.jpg,virtual,1115,beacon,0,0.297600,0.566002,0.019200,0.029520,0.9407
beacon_000223.jpg,virtual,1120,beacon,0,0.317600,0.586941,0.019200,0.029520,0.9368
beacon_000224.jpg,virtual,1125,beacon,0,0.337600,0.607881,0.019200,0.029520,0.9328
beacon_000225.jpg,virtual,1130,beacon,0,0.357600,0.628821,0.019200,0.029520,0.9288
beacon_000226.jpg,virtual,1135,beacon,0,0.377760,0.615750,0.019200,0.029520,0.9276
beacon_000227.jpg,virtual,1140,beacon,0,0.398027,0.580007,0.019200,0.029520,0.9216
beacon_000228.jpg,virtual,1145,beacon,0,0.418294,0.544263,0.019200,0.029520,0.9149
beacon_000229.jpg,virtual,1150,beacon,0,0.438561,0.508520,0.019200,0.029520,0.9082
beacon_000230.jpg,virtual,1155,beacon,0,0.458828,0.472776,0.019200,0.029520,0.9012
beacon_000231.jpg,virtual,1160,beacon,0,0.479095,0.437032,0.019200,0.029520,0.8939
beacon_000232.jpg,virtual,1165,beacon,0,0.499362,0.401289,0.019200,0.029520,0.8864
beacon_000233.jpg,virtual,1170,beacon,0,0.508886,0.710924,0.019200,0.029520,0.9002
beacon_000234.jpg,virtual,1175,beacon,0,0.494365,0.741674,0.019200,0.029520,0.9216
beacon_000235.jpg,virtual,1180,beacon,0,0.479844,0.772424,0.019200,0.029520,0.9333
beacon_000236.jpg,virtual,1185,beacon,0,0.465324,0.772448,0.019200,0.029520,0.9430
beacon_000237.jpg,virtual,1190,beacon,0,0.450803,0.741697,0.019200,0.029520,0.9624
beacon_000238.jpg,virtual,1195,beacon,0,0.436282,0.710947,0.019200,0.029520,0.9779
beacon_000239.jpg,virtual,1200,beacon,0,0.421762,0.680197,0.019200,0.029520,0.9803
beacon_000240.jpg,virtual,1205,beacon,0,0.407241,0.649446,0.019200,0.029520,0.9732
beacon_000241.jpg,virtual,1210,beacon,0,0.392721,0.618696,0.019200,0.029520,0.9682
beacon_000242.jpg,virtual,1215,beacon,0,0.379435,0.588858,0.019200,0.029520,0.9658
beacon_000243.jpg,virtual,1220,beacon,0,0.371090,0.562668,0.019200,0.029520,0.9670
beacon_000244.jpg,virtual,1225,beacon,0,0.362744,0.536477,0.019200,0.029520,0.9670
beacon_000245.jpg,virtual,1230,beacon,0,0.354399,0.510287,0.019200,0.029520,0.9665
beacon_000246.jpg,virtual,1235,beacon,0,0.346054,0.484097,0.019200,0.029520,0.9658
beacon_000247.jpg,virtual,1240,beacon,0,0.337708,0.457907,0.019200,0.029520,0.9649
beacon_000248.jpg,virtual,1245,beacon,0,0.329363,0.431717,0.019200,0.029520,0.9639
beacon_000249.jpg,virtual,1250,beacon,0,0.321018,0.405526,0.019200,0.029520,0.9629
beacon_000250.jpg,virtual,1255,beacon,0,0.312672,0.379336,0.019200,0.029520,0.9619
beacon_000251.jpg,virtual,1260,beacon,0,0.304327,0.353146,0.019200,0.029520,0.9609
beacon_000252.jpg,virtual,1265,beacon,0,0.295981,0.326956,0.019200,0.029520,0.9599
beacon_000253.jpg,virtual,1270,beacon,0,0.287636,0.300766,0.019200,0.029520,0.9589
beacon_000254.jpg,virtual,1275,beacon,0,0.285026,0.271673,0.019200,0.029520,0.9572
beacon_000255.jpg,virtual,1280,beacon,0,0.305354,0.230973,0.019200,0.029520,0.9458
beacon_000256.jpg,virtual,1285,beacon,0,0.325683,0.190272,0.019200,0.029520,0.9327
beacon_000257.jpg,virtual,1290,beacon,0,0.467983,0.120581,0.019200,0.029520,0.9365
beacon_000258.jpg,virtual,1295,beacon,0,0.488312,0.161282,0.019200,0.029520,0.9646
beacon_000259.jpg,virtual,1300,beacon,0,0.508640,0.201982,0.019200,0.029520,0.9614
beacon_000260.jpg,virtual,1305,beacon,0,0.528844,0.240693,0.019200,0.029520,0.9522
beacon_000261.jpg,virtual,1310,beacon,0,0.548550,0.271443,0.019200,0.029520,0.9467
beacon_000262.jpg,virtual,1315,beacon,0,0.568256,0.302194,0.019200,0.029520,0.9412
beacon_000263.jpg,virtual,1320,beacon,0,0.587962,0.332944,0.019200,0.029520,0.9356
beacon_000264.jpg,virtual,1325,beacon,0,0.607667,0.363694,0.019200,0.029520,0.9300
beacon_000265.jpg,virtual,1330,beacon,0,0.627373,0.394444,0.019200,0.029520,0.9244
beacon_000266.jpg,virtual,1335,beacon,0,0.647079,0.425195,0.019200,0.029520,0.9188
beacon_000267.jpg,virtual,1340,beacon,0,0.666785,0.455945,0.019200,0.029520,0.9131
beacon_000268.jpg,virtual,1345,beacon,0,0.686491,0.486695,0.019200,0.029520,0.9075
beacon_000269.jpg,virtual,1350,beacon,0,0.706197,0.517446,0.019200,0.029520,0.9018
beacon_000270.jpg,virtual,1355,beacon,0,0.725902,0.548196,0.019200,0.029520,0.8962
beacon_000271.jpg,virtual,1360,beacon,0,0.745608,0.578946,0.019200,0.029520,0.8905
beacon_000272.jpg,virtual,1365,beacon,0,0.226061,0.088561,0.019200,0.029520,0.9017
beacon_000273.jpg,virtual,1370,beacon,0,0.209422,0.119311,0.019200,0.029520,0.9478
beacon_000274.jpg,virtual,1375,beacon,0,0.192783,0.150062,0.019200,0.029520,0.9816
beacon_000275.jpg,virtual,1380,beacon,0,0.173523,0.139553,0.019200,0.029520,0.9936
beacon_000276.jpg,virtual,1385,beacon,0,0.152515,0.101538,0.019200,0.029520,0.9731
beacon_000277.jpg,virtual,1390,beacon,0,0.131506,0.063522,0.019200,0.029520,0.9594
beacon_000278.jpg,virtual,1395,beacon,0,0.110498,0.025507,0.019200,0.029520,0.9346
beacon_000279.jpg,virtual,1400,beacon,0,0.089490,0.037569,0.019200,0.029520,0.9389
beacon_000280.jpg,virtual,1405,beacon,0,0.068482,0.075584,0.019200,0.029520,0.9530
beacon_000281.jpg,virtual,1410,beacon,0,0.047474,0.113599,0.019200,0.029520,0.9449
beacon_000282.jpg,virtual,1415,beacon,0,0.026465,0.151614,0.019200,0.029520,0.9207
beacon_000283.jpg,virtual,1420,beacon,0,0.009600,0.189629,0.019200,0.029520,0.9010
beacon_000284.jpg,virtual,1425,beacon,0,0.030608,0.227645,0.019200,0.029520,0.9180
beacon_000285.jpg,virtual,1430,beacon,0,0.051616,0.265660,0.019200,0.029520,0.9309
beacon_000286.jpg,virtual,1435,beacon,0,0.072625,0.303675,0.019200,0.029520,0.9370
beacon_000287.jpg,virtual,1440,beacon,0,0.093633,0.341690,0.019200,0.029520,0.9344
beacon_000288.jpg,virtual,1445,beacon,0,0.653127,0.305043,0.019200,0.029520,0.9340
beacon_000289.jpg,virtual,1450,beacon,0,0.673127,0.274293,0.019200,0.029520,0.9644
beacon_000290.jpg,virtual,1455,beacon,0,0.693127,0.243542,0.019200,0.029520,0.9706
beacon_000291.jpg,virtual,1460,beacon,0,0.713127,0.212792,0.019200,0.029520,0.9632
beacon_000292.jpg,virtual,1465,beacon,0,0.733127,0.182042,0.019200,0.029520,0.9560
beacon_000293.jpg,virtual,1470,beacon,0,0.753127,0.151292,0.019200,0.029520,0.9382
beacon_000294.jpg,virtual,1475,beacon,0,0.773127,0.120541,0.019200,0.029520,0.9173
beacon_000295.jpg,virtual,1480,beacon,0,0.790400,0.089791,0.019200,0.029520,0.8989
beacon_000296.jpg,virtual,1485,beacon,0,0.770400,0.059041,0.019200,0.029520,0.9163
beacon_000297.jpg,virtual,1490,beacon,0,0.750400,0.029033,0.019200,0.029520,0.9233
beacon_000298.jpg,virtual,1495,beacon,0,0.730400,0.026763,0.019200,0.029520,0.9345
beacon_000299.jpg,virtual,1500,beacon,0,0.710400,0.056771,0.019200,0.029520,0.9617
beacon_000300.jpg,virtual,1505,beacon,0,0.690400,0.086778,0.019200,0.029520,0.9818
beacon_000301.jpg,virtual,1510,beacon,0,0.670400,0.116786,0.019200,0.029520,0.9809
beacon_000302.jpg,virtual,1515,beacon,0,0.650400,0.146793,0.019200,0.029520,0.9707
beacon_000303.jpg,virtual,1520,beacon,0,0.630400,0.176801,0.019200,0.029520,0.9635
beacon_000304.jpg,virtual,1525,beacon,0,0.610400,0.206809,0.019200,0.029520,0.9578
beacon_000305.jpg,virtual,1530,beacon,0,0.590400,0.236816,0.019200,0.029520,0.9522
beacon_000306.jpg,virtual,1535,beacon,0,0.570400,0.266824,0.019200,0.029520,0.9466
beacon_000307.jpg,virtual,1540,beacon,0,0.550400,0.296831,0.019200,0.029520,0.9411
beacon_000308.jpg,virtual,1545,beacon,0,0.530400,0.326839,0.019200,0.029520,0.9355
beacon_000309.jpg,virtual,1550,beacon,0,0.509014,0.369297,0.019200,0.029520,0.9231
beacon_000310.jpg,virtual,1555,beacon,0,0.487628,0.411755,0.019200,0.029520,0.9105
beacon_000311.jpg,virtual,1560,beacon,0,0.117600,0.143843,0.019200,0.029520,0.9112
beacon_000312.jpg,virtual,1565,beacon,0,0.137600,0.126293,0.019200,0.029520,0.9479
beacon_000313.jpg,virtual,1570,beacon,0,0.157600,0.108743,0.019200,0.029520,0.9765
beacon_000314.jpg,virtual,1575,beacon,0,0.177600,0.091193,0.019200,0.029520,0.9793
beacon_000315.jpg,virtual,1580,beacon,0,0.197600,0.073642,0.019200,0.029520,0.9685
beacon_000316.jpg,virtual,1585,beacon,0,0.217600,0.056092,0.019200,0.029520,0.9555
beacon_000317.jpg,virtual,1590,beacon,0,0.237600,0.038542,0.019200,0.029520,0.9431
beacon_000318.jpg,virtual,1595,beacon,0,0.257600,0.020992,0.019200,0.029520,0.9306
beacon_000319.jpg,virtual,1600,beacon,0,0.277600,0.025290,0.019200,0.029520,0.9310
beacon_000320.jpg,virtual,1605,beacon,0,0.297600,0.042840,0.019200,0.029520,0.9380
beacon_000321.jpg,virtual,1610,beacon,0,0.317600,0.060390,0.019200,0.029520,0.9431
beacon_000322.jpg,virtual,1615,beacon,0,0.337600,0.077941,0.019200,0.029520,0.9456
beacon_000323.jpg,virtual,1620,beacon,0,0.357600,0.095491,0.019200,0.029520,0.9452
beacon_000324.jpg,virtual,1625,beacon,0,0.377600,0.108578,0.019200,0.029520,0.9420
beacon_000325.jpg,virtual,1630,beacon,0,0.397600,0.120549,0.019200,0.029520,0.9376
beacon_000326.jpg,virtual,1635,beacon,0,0.417600,0.132520,0.019200,0.029520,0.9331
beacon_000327.jpg,virtual,1640,beacon,0,0.437600,0.144491,0.019200,0.029520,0.9287
beacon_000328.jpg,virtual,1645,beacon,0,0.457600,0.156462,0.019200,0.029520,0.9244
beacon_000329.jpg,virtual,1650,beacon,0,0.477600,0.168433,0.019200,0.029520,0.9202
beacon_000330.jpg,virtual,1655,beacon,0,0.497600,0.180404,0.019200,0.029520,0.9160
beacon_000331.jpg,virtual,1660,beacon,0,0.517600,0.192376,0.019200,0.029520,0.9118
beacon_000332.jpg,virtual,1665,beacon,0,0.537600,0.204347,0.019200,0.029520,0.9077
beacon_000333.jpg,virtual,1670,beacon,0,0.557600,0.216318,0.019200,0.029520,0.9035
beacon_000334.jpg,virtual,1675,beacon,0,0.577600,0.228289,0.019200,0.029520,0.8994
beacon_000335.jpg,virtual,1680,beacon,0,0.050094,0.544095,0.019200,0.029520,0.9167
beacon_000336.jpg,virtual,1685,beacon,0,0.079018,0.577597,0.019200,0.029520,0.9738
beacon_000337.jpg,virtual,1690,beacon,0,0.107942,0.611099,0.019200,0.029520,0.9858
beacon_000338.jpg,virtual,1695,beacon,0,0.136866,0.644602,0.019200,0.029520,0.9667
beacon_000339.jpg,virtual,1700,beacon,0,0.158650,0.675902,0.019200,0.029520,0.9590
beacon_000340.jpg,virtual,1705,beacon,0,0.178650,0.706653,0.019200,0.029520,0.9531
beacon_000341.jpg,virtual,1710,beacon,0,0.198650,0.737403,0.019200,0.029520,0.9472
beacon_000342.jpg,virtual,1715,beacon,0,0.218650,0.768153,0.019200,0.029520,0.9307
beacon_000343.jpg,virtual,1720,beacon,0,0.238650,0.772448,0.019200,0.029520,0.9257
beacon_000344.jpg,virtual,1725,beacon,0,0.258650,0.741697,0.019200,0.029520,0.9369
beacon_000345.jpg,virtual,1730,beacon,0,0.278650,0.710947,0.019200,0.029520,0.9420
beacon_000346.jpg,virtual,1735,beacon,0,0.298650,0.680197,0.019200,0.029520,0.9396
beacon_000347.jpg,virtual,1740,beacon,0,0.318650,0.649446,0.019200,0.029520,0.9334
beacon_000348.jpg,virtual,1745,beacon,0,0.338650,0.618696,0.019200,0.029520,0.9275
beacon_000349.jpg,virtual,1750,beacon,0,0.358650,0.587946,0.019200,0.029520,0.9221
beacon_000350.jpg,virtual,1755,beacon,0,0.378650,0.557196,0.019200,0.029520,0.9167
beacon_000351.jpg,virtual,1760,beacon,0,0.398650,0.526445,0.019200,0.029520,0.9112
beacon_000352.jpg,virtual,1765,beacon,0,0.418650,0.495695,0.019200,0.029520,0.9056
beacon_000353.jpg,virtual,1770,beacon,0,0.438650,0.464945,0.019200,0.029520,0.9000
beacon_000354.jpg,virtual,1775,beacon,0,0.458650,0.434194,0.019200,0.029520,0.8944
beacon_000355.jpg,virtual,1780,beacon,0,0.478650,0.403444,0.019200,0.029520,0.8887
beacon_000356.jpg,virtual,1785,beacon,0,0.263400,0.131801,0.019200,0.029520,0.8923
beacon_000357.jpg,virtual,1790,beacon,0,0.283400,0.162551,0.019200,0.029520,0.9416
beacon_000358.jpg,virtual,1795,beacon,0,0.303400,0.193301,0.019200,0.029520,0.9802
beacon_000359.jpg,virtual,1800,beacon,0,0.323400,0.224052,0.019200,0.029520,0.9819
beacon_000360.jpg,virtual,1805,beacon,0,0.343400,0.254802,0.019200,0.029520,0.9708
beacon_000361.jpg,virtual,1810,beacon,0,0.363400,0.285552,0.019200,0.029520,0.9635
beacon_000362.jpg,virtual,1815,beacon,0,0.383400,0.316302,0.019200,0.029520,0.9576
beacon_000363.jpg,virtual,1820,beacon,0,0.403400,0.347053,0.019200,0.029520,0.9517
beacon_000364.jpg,virtual,1825,beacon,0,0.423400,0.377803,0.019200,0.029520,0.9457
beacon_000365.jpg,virtual,1830,beacon,0,0.443400,0.408553,0.019200,0.029520,0.9398
beacon_000366.jpg,virtual,1835,beacon,0,0.463400,0.439304,0.019200,0.029520,0.9339
beacon_000367.jpg,virtual,1840,beacon,0,0.483400,0.470054,0.019200,0.029520,0.9280
beacon_000368.jpg,virtual,1845,beacon,0,0.503400,0.500804,0.019200,0.029520,0.9221
beacon_000369.jpg,virtual,1850,beacon,0,0.523400,0.531555,0.019200,0.029520,0.9161
beacon_000370.jpg,virtual,1855,beacon,0,0.543400,0.562305,0.019200,0.029520,0.9102
beacon_000371.jpg,virtual,1860,beacon,0,0.563400,0.593055,0.019200,0.029520,0.9043
beacon_000372.jpg,virtual,1865,beacon,0,0.349902,0.109659,0.019200,0.029520,0.9472
beacon_000373.jpg,virtual,1870,beacon,0,0.329710,0.138589,0.019200,0.029520,0.9793
beacon_000374.jpg,virtual,1875,beacon,0,0.309519,0.167519,0.019200,0.029520,0.9787
beacon_000375.jpg,virtual,1880,beacon,0,0.289327,0.196449,0.019200,0.029520,0.9696
beacon_000376.jpg,virtual,1885,beacon,0,0.269135,0.225380,0.019200,0.029520,0.9626
beacon_000377.jpg,virtual,1890,beacon,0,0.248944,0.254310,0.019200,0.029520,0.9570
beacon_000378.jpg,virtual,1895,beacon,0,0.228752,0.283240,0.019200,0.029520,0.9518
beacon_000379.jpg,virtual,1900,beacon,0,0.208561,0.312170,0.019200,0.029520,0.9465
beacon_000380.jpg,virtual,1905,beacon,0,0.188369,0.341100,0.019200,0.029520,0.9412
beacon_000381.jpg,virtual,1910,beacon,0,0.168177,0.370031,0.019200,0.029520,0.9359
beacon_000382.jpg,virtual,1915,beacon,0,0.147986,0.398961,0.019200,0.029520,0.9306
beacon_000383.jpg,virtual,1920,beacon,0,0.127794,0.427891,0.019200,0.029520,0.9253
beacon_000384.jpg,virtual,1925,beacon,0,0.107603,0.456821,0.019200,0.029520,0.9200
beacon_000385.jpg,virtual,1930,beacon,0,0.087411,0.485751,0.019200,0.029520,0.9147
beacon_000386.jpg,virtual,1935,beacon,0,0.067219,0.514682,0.019200,0.029520,0.9094
beacon_000387.jpg,virtual,1940,beacon,0,0.047028,0.543612,0.019200,0.029520,0.9041
beacon_000388.jpg,virtual,1945,beacon,0,0.026836,0.572542,0.019200,0.029520,0.8988
beacon_000389.jpg,virtual,1950,beacon,0,0.009600,0.601472,0.019200,0.029520,0.8874
beacon_000390.jpg,virtual,1955,beacon,0,0.029792,0.630402,0.019200,0.029520,0.9026
beacon_000391.jpg,virtual,1960,beacon,0,0.049983,0.659333,0.019200,0.029520,0.9151
beacon_000392.jpg,virtual,1965,beacon,0,0.070175,0.688263,0.019200,0.029520,0.9236
beacon_000393.jpg,virtual,1970,beacon,0,0.297835,0.594567,0.019200,0.029520,0.9221
beacon_000394.jpg,virtual,1975,beacon,0,0.314732,0.573436,0.019200,0.029520,0.9637
beacon_000395.jpg,virtual,1980,beacon,0,0.331630,0.552305,0.019200,0.029520,0.9892
beacon_000396.jpg,virtual,1985,beacon,0,0.348527,0.531174,0.019200,0.029520,0.9833
beacon_000397.jpg,virtual,1990,beacon,0,0.365425,0.510042,0.019200,0.029520,0.9757
beacon_000398.jpg,virtual,1995,beacon,0,0.382323,0.488911,0.019200,0.029520,0.9714
beacon_000399.jpg,virtual,2000,beacon,0,0.399220,0.467780,0.019200,0.029520,0.9691
beacon_000400.jpg,virtual,2005,beacon,0,0.416118,0.446649,0.019200,0.029520,0.9677
beacon_000401.jpg,virtual,2010,beacon,0,0.433015,0.425518,0.019200,0.029520,0.9666
beacon_000402.jpg,virtual,2015,beacon,0,0.449913,0.404387,0.019200,0.029520,0.9657
beacon_000403.jpg,virtual,2020,beacon,0,0.466811,0.383255,0.019200,0.029520,0.9648
beacon_000404.jpg,virtual,2025,beacon,0,0.483708,0.362124,0.019200,0.029520,0.9640
beacon_000405.jpg,virtual,2030,beacon,0,0.500606,0.340993,0.019200,0.029520,0.9632
beacon_000406.jpg,virtual,2035,beacon,0,0.519985,0.326814,0.019200,0.029520,0.9620
beacon_000407.jpg,virtual,2040,beacon,0,0.539985,0.314374,0.019200,0.029520,0.9592
beacon_000408.jpg,virtual,2045,beacon,0,0.559985,0.301933,0.019200,0.029520,0.9557
beacon_000409.jpg,virtual,2050,beacon,0,0.579985,0.289492,0.019200,0.029520,0.9519
beacon_000410.jpg,virtual,2055,beacon,0,0.599985,0.277052,0.019200,0.029520,0.9480
beacon_000411.jpg,virtual,2060,beacon,0,0.619985,0.264611,0.019200,0.029520,0.9439
beacon_000412.jpg,virtual,2065,beacon,0,0.639985,0.252170,0.019200,0.029520,0.9399
beacon_000413.jpg,virtual,2070,beacon,0,0.659985,0.239730,0.019200,0.029520,0.9358
beacon_000414.jpg,virtual,2075,beacon,0,0.679985,0.227289,0.019200,0.029520,0.9317
beacon_000415.jpg,virtual,2080,beacon,0,0.699985,0.214848,0.019200,0.029520,0.9275
beacon_000416.jpg,virtual,2085,beacon,0,0.719985,0.202408,0.019200,0.029520,0.9234
beacon_000417.jpg,virtual,2090,beacon,0,0.739985,0.189967,0.019200,0.029520,0.9193
beacon_000418.jpg,virtual,2095,beacon,0,0.761254,0.216401,0.019200,0.029520,0.9144
beacon_000419.jpg,virtual,2100,beacon,0,0.782839,0.252554,0.019200,0.029520,0.9065
beacon_000420.jpg,virtual,2105,beacon,0,0.777449,0.288707,0.019200,0.029520,0.9138
beacon_000421.jpg,virtual,2110,beacon,0,0.755863,0.324860,0.019200,0.029520,0.9308
beacon_000422.jpg,virtual,2115,beacon,0,0.734278,0.361013,0.019200,0.029520,0.9426
beacon_000423.jpg,virtual,2120,beacon,0,0.712692,0.397166,0.019200,0.029520,0.9458
beacon_000424.jpg,virtual,2125,beacon,0,0.691107,0.433318,0.019200,0.029520,0.9391
beacon_000425.jpg,virtual,2130,beacon,0,0.669522,0.469471,0.019200,0.029520,0.9289
beacon_000426.jpg,virtual,2135,beacon,0,0.199746,0.231242,0.019200,0.029520,0.9431
beacon_000427.jpg,virtual,2140,beacon,0,0.182025,0.202688,0.019200,0.029520,0.9773
beacon_000428.jpg,virtual,2145,beacon,0,0.162025,0.177429,0.019200,0.029520,0.9806
beacon_000429.jpg,virtual,2150,beacon,0,0.142025,0.152169,0.019200,0.029520,0.9723
beacon_000430.jpg,virtual,2155,beacon,0,0.122025,0.126909,0.019200,0.029520,0.9656
beacon_000431.jpg,virtual,2160,beacon,0,0.102025,0.101650,0.019200,0.029520,0.9604
beacon_000432.jpg,virtual,2165,beacon,0,0.082025,0.076390,0.019200,0.029520,0.9559
beacon_000433.jpg,virtual,2170,beacon,0,0.062025,0.051130,0.019200,0.029520,0.9419
beacon_000434.jpg,virtual,2175,beacon,0,0.042025,0.025870,0.019200,0.029520,0.9161
beacon_000435.jpg,virtual,2180,beacon,0,0.022025,0.024864,0.019200,0.029520,0.8995
beacon_000436.jpg,virtual,2185,beacon,0,0.013600,0.050124,0.019200,0.029520,0.9005
beacon_000437.jpg,virtual,2190,beacon,0,0.033600,0.075383,0.019200,0.029520,0.9264
beacon_000438.jpg,virtual,2195,beacon,0,0.053600,0.100643,0.019200,0.029520,0.9509
beacon_000439.jpg,virtual,2200,beacon,0,0.073600,0.125903,0.019200,0.029520,0.9712
beacon_000440.jpg,virtual,2205,beacon,0,0.093600,0.151162,0.019200,0.029520,0.9825
beacon_000441.jpg,virtual,2210,beacon,0,0.113600,0.176422,0.019200,0.029520,0.9769
beacon_000442.jpg,virtual,2215,beacon,0,0.133600,0.201682,0.019200,0.029520,0.9696
beacon_000443.jpg,virtual,2220,beacon,0,0.153600,0.226941,0.019200,0.029520,0.9652
beacon_000444.jpg,virtual,2225,beacon,0,0.173600,0.252201,0.019200,0.029520,0.9617
beacon_000445.jpg,virtual,2230,beacon,0,0.193600,0.277461,0.019200,0.029520,0.9581
beacon_000446.jpg,virtual,2235,beacon,0,0.213600,0.302721,0.019200,0.029520,0.9544
beacon_000447.jpg,virtual,2240,beacon,0,0.233600,0.327980,0.019200,0.029520,0.9506
beacon_000448.jpg,virtual,2245,beacon,0,0.253600,0.353240,0.019200,0.029520,0.9468
beacon_000449.jpg,virtual,2250,beacon,0,0.273600,0.378500,0.019200,0.029520,0.9429
beacon_000450.jpg,virtual,2255,beacon,0,0.293600,0.403759,0.019200,0.029520,0.9390
beacon_000451.jpg,virtual,2260,beacon,0,0.316296,0.433175,0.019200,0.029520,0.9312
beacon_000452.jpg,virtual,2265,beacon,0,0.343037,0.468823,0.019200,0.029520,0.9178
beacon_000453.jpg,virtual,2270,beacon,0,0.369777,0.504472,0.019200,0.029520,0.9043
beacon_000454.jpg,virtual,2275,beacon,0,0.396518,0.540121,0.019200,0.029520,0.8908
beacon_000455.jpg,virtual,2280,beacon,0,0.503305,0.122174,0.019200,0.029520,0.8933
beacon_000456.jpg,virtual,2285,beacon,0,0.483305,0.095242,0.019200,0.029520,0.9191
beacon_000457.jpg,virtual,2290,beacon,0,0.463305,0.068310,0.019200,0.029520,0.9320
beacon_000458.jpg,virtual,2295,beacon,0,0.443305,0.041378,0.019200,0.029520,0.9311
beacon_000459.jpg,virtual,2300,beacon,0,0.423305,0.014760,0.019200,0.029520,0.9277
beacon_000460.jpg,virtual,2305,beacon,0,0.403305,0.041692,0.019200,0.029520,0.9470
beacon_000461.jpg,virtual,2310,beacon,0,0.383305,0.068624,0.019200,0.029520,0.9595
beacon_000462.jpg,virtual,2315,beacon,0,0.363305,0.095556,0.019200,0.029520,0.9657
beacon_000463.jpg,virtual,2320,beacon,0,0.343305,0.122488,0.019200,0.029520,0.9625
beacon_000464.jpg,virtual,2325,beacon,0,0.323305,0.149420,0.019200,0.029520,0.9558
beacon_000465.jpg,virtual,2330,beacon,0,0.303305,0.176353,0.019200,0.029520,0.9499
beacon_000466.jpg,virtual,2335,beacon,0,0.283305,0.203285,0.019200,0.029520,0.9450
beacon_000467.jpg,virtual,2340,beacon,0,0.263305,0.230217,0.019200,0.029520,0.9405
beacon_000468.jpg,virtual,2345,beacon,0,0.243305,0.257149,0.019200,0.029520,0.9360
beacon_000469.jpg,virtual,2350,beacon,0,0.223305,0.284081,0.019200,0.029520,0.9316
beacon_000470.jpg,virtual,2355,beacon,0,0.203305,0.311013,0.019200,0.029520,0.9271
beacon_000471.jpg,virtual,2360,beacon,0,0.183305,0.337945,0.019200,0.029520,0.9226
beacon_000472.jpg,virtual,2365,beacon,0,0.163305,0.364877,0.019200,0.029520,0.9182
beacon_000473.jpg,virtual,2370,beacon,0,0.146997,0.392617,0.019200,0.029520,0.9170
beacon_000474.jpg,virtual,2375,beacon,0,0.133150,0.420896,0.019200,0.029520,0.9179
beacon_000475.jpg,virtual,2380,beacon,0,0.119303,0.449175,0.019200,0.029520,0.9186
beacon_000476.jpg,virtual,2385,beacon,0,0.105456,0.477454,0.019200,0.029520,0.9193
beacon_000477.jpg,virtual,2390,beacon,0,0.091608,0.505733,0.019200,0.029520,0.9198
beacon_000478.jpg,virtual,2395,beacon,0,0.077761,0.534012,0.019200,0.029520,0.9201
beacon_000479.jpg,virtual,2400,beacon,0,0.063914,0.562291,0.019200,0.029520,0.9203
beacon_000480.jpg,virtual,2405,beacon,0,0.050067,0.590570,0.019200,0.029520,0.9204
beacon_000481.jpg,virtual,2410,beacon,0,0.036220,0.618849,0.019200,0.029520,0.9130
beacon_000482.jpg,virtual,2415,beacon,0,0.022373,0.647128,0.019200,0.029520,0.9000
beacon_000483.jpg,virtual,2420,beacon,0,0.009600,0.675407,0.019200,0.029520,0.8875
beacon_000484.jpg,virtual,2425,beacon,0,0.023447,0.703686,0.019200,0.029520,0.8978
beacon_000485.jpg,virtual,2430,beacon,0,0.042010,0.738804,0.019200,0.029520,0.9070
beacon_000486.jpg,virtual,2435,beacon,0,0.120155,0.689521,0.019200,0.029520,0.9596
beacon_000487.jpg,virtual,2440,beacon,0,0.141862,0.649843,0.019200,0.029520,0.9935
beacon_000488.jpg,virtual,2445,beacon,0,0.163569,0.610166,0.019200,0.029520,0.9734
beacon_000489.jpg,virtual,2450,beacon,0,0.185277,0.570488,0.019200,0.029520,0.9607
beacon_000490.jpg,virtual,2455,beacon,0,0.206984,0.530810,0.019200,0.029520,0.9490
beacon_000491.jpg,virtual,2460,beacon,0,0.228691,0.491132,0.019200,0.029520,0.9372
beacon_000492.jpg,virtual,2465,beacon,0,0.250398,0.451454,0.019200,0.029520,0.9254
beacon_000493.jpg,virtual,2470,beacon,0,0.272105,0.411777,0.019200,0.029520,0.9136
beacon_000494.jpg,virtual,2475,beacon,0,0.685470,0.254613,0.019200,0.029520,0.9329
beacon_000495.jpg,virtual,2480,beacon,0,0.705470,0.285363,0.019200,0.029520,0.9399
beacon_000496.jpg,virtual,2485,beacon,0,0.725470,0.316113,0.019200,0.029520,0.9349
beacon_000497.jpg,virtual,2490,beacon,0,0.745470,0.346863,0.019200,0.029520,0.9287
beacon_000498.jpg,virtual,2495,beacon,0,0.765470,0.377614,0.019200,0.029520,0.9232
beacon_000499.jpg,virtual,2500,beacon,0,0.783758,0.408364,0.019200,0.029520,0.9073
beacon_000500.jpg,virtual,2505,beacon,0,0.779684,0.439114,0.019200,0.029520,0.9099
beacon_000501.jpg,virtual,2510,beacon,0,0.761825,0.469865,0.019200,0.029520,0.9248
beacon_000502.jpg,virtual,2515,beacon,0,0.743965,0.500615,0.019200,0.029520,0.9375
beacon_000503.jpg,virtual,2520,beacon,0,0.726105,0.531365,0.019200,0.029520,0.9461
beacon_000504.jpg,virtual,2525,beacon,0,0.708245,0.562116,0.019200,0.029520,0.9486
beacon_000505.jpg,virtual,2530,beacon,0,0.690386,0.592866,0.019200,0.029520,0.9446
beacon_000506.jpg,virtual,2535,beacon,0,0.672526,0.623616,0.019200,0.029520,0.9385
beacon_000507.jpg,virtual,2540,beacon,0,0.654666,0.654367,0.019200,0.029520,0.9330
beacon_000508.jpg,virtual,2545,beacon,0,0.636807,0.685117,0.019200,0.029520,0.9282
beacon_000509.jpg,virtual,2550,beacon,0,0.618947,0.715867,0.019200,0.029520,0.9236
beacon_000510.jpg,virtual,2555,beacon,0,0.411371,0.491040,0.019200,0.029520,0.9363
beacon_000511.jpg,virtual,2560,beacon,0,0.434848,0.523037,0.019200,0.029520,0.9714
beacon_000512.jpg,virtual,2565,beacon,0,0.458324,0.555033,0.019200,0.029520,0.9750
beacon_000513.jpg,virtual,2570,beacon,0,0.481801,0.587030,0.019200,0.029520,0.9645
beacon_000514.jpg,virtual,2575,beacon,0,0.505278,0.619026,0.019200,0.029520,0.9554
beacon_000515.jpg,virtual,2580,beacon,0,0.528754,0.651023,0.019200,0.029520,0.9465
beacon_000516.jpg,virtual,2585,beacon,0,0.552231,0.683019,0.019200,0.029520,0.9374
beacon_000517.jpg,virtual,2590,beacon,0,0.575708,0.715016,0.019200,0.029520,0.9283
beacon_000518.jpg,virtual,2595,beacon,0,0.599184,0.747012,0.019200,0.029520,0.9192
beacon_000519.jpg,virtual,2600,beacon,0,0.622661,0.779008,0.019200,0.029520,0.9088
beacon_000520.jpg,virtual,2605,beacon,0,0.646137,0.759151,0.019200,0.029520,0.9108
beacon_000521.jpg,virtual,2610,beacon,0,0.669614,0.727154,0.019200,0.029520,0.9130
beacon_000522.jpg,virtual,2615,beacon,0,0.693091,0.695158,0.019200,0.029520,0.9090
beacon_000523.jpg,virtual,2620,beacon,0,0.716567,0.663161,0.019200,0.029520,0.9005
beacon_000000.jpg,virtual,1,beacon,0,0.240800,0.246986,0.019200,0.029520,0.9570
beacon_000001.jpg,virtual,15,beacon,0,0.252000,0.260763,0.019200,0.029520,0.9917
beacon_000002.jpg,virtual,30,beacon,0,0.264000,0.275523,0.019200,0.029520,0.9939
beacon_000003.jpg,virtual,45,beacon,0,0.276000,0.290283,0.019200,0.029520,0.9940
beacon_000004.jpg,virtual,60,beacon,0,0.288000,0.305043,0.019200,0.029520,0.9940
beacon_000005.jpg,virtual,61,beacon,0,0.288800,0.306027,0.019200,0.029520,0.9940
beacon_000006.jpg,virtual,75,beacon,0,0.300000,0.319803,0.019200,0.029520,0.9940
beacon_000007.jpg,virtual,85,beacon,0,0.308000,0.329643,0.019200,0.029520,0.9940
beacon_000008.jpg,virtual,90,beacon,0,0.312000,0.334563,0.019200,0.029520,0.9948
beacon_000009.jpg,virtual,105,beacon,0,0.324000,0.349323,0.019200,0.029520,0.9925
beacon_000010.jpg,virtual,114,beacon,0,0.215625,0.293845,0.012500,0.024218,0.9947
beacon_000011.jpg,virtual,120,beacon,0,0.218750,0.298688,0.012500,0.024218,0.9946
beacon_000012.jpg,virtual,135,beacon,0,0.236817,0.292369,0.012500,0.024218,0.9910
beacon_000013.jpg,virtual,150,beacon,0,0.254885,0.286050,0.012500,0.024218,0.9902
beacon_000014.jpg,virtual,165,beacon,0,0.272952,0.279731,0.012500,0.024218,0.9901
beacon_000015.jpg,virtual,180,beacon,0,0.291020,0.273412,0.012500,0.024218,0.9900
beacon_000016.jpg,virtual,195,beacon,0,0.309087,0.267093,0.012500,0.024218,0.9900
beacon_000017.jpg,virtual,210,beacon,0,0.327155,0.260774,0.012500,0.024218,0.9900
beacon_000018.jpg,virtual,225,beacon,0,0.345222,0.254455,0.012500,0.024218,0.9900
beacon_000019.jpg,virtual,240,beacon,0,0.363290,0.248137,0.012500,0.024218,0.9900
beacon_000020.jpg,virtual,255,beacon,0,0.392502,0.246662,0.012500,0.024218,0.9850
beacon_000021.jpg,virtual,270,beacon,0,0.421715,0.245188,0.012500,0.024218,0.9843
beacon_000022.jpg,virtual,285,beacon,0,0.450927,0.243713,0.012500,0.024218,0.9842
beacon_000023.jpg,virtual,300,beacon,0,0.480140,0.242239,0.012500,0.024218,0.9841
beacon_000024.jpg,virtual,315,beacon,0,0.427616,0.173397,0.012500,0.024218,0.9708
beacon_000025.jpg,virtual,330,beacon,0,0.375092,0.104555,0.012500,0.024218,0.9478
beacon_000026.jpg,virtual,1,beacon,0,0.240800,0.246986,0.019200,0.029520,0.9570
beacon_000027.jpg,virtual,15,beacon,0,0.252000,0.260763,0.019200,0.029520,0.9917
beacon_000028.jpg,virtual,30,beacon,0,0.264000,0.275523,0.019200,0.029520,0.9939
beacon_000029.jpg,virtual,45,beacon,0,0.276000,0.290283,0.019200,0.029520,0.9940
beacon_000030.jpg,virtual,60,beacon,0,0.288000,0.305043,0.019200,0.029520,0.9940
beacon_000031.jpg,virtual,61,beacon,0,0.288800,0.306027,0.019200,0.029520,0.9940
beacon_000032.jpg,virtual,75,beacon,0,0.300000,0.319803,0.019200,0.029520,0.9940
beacon_000033.jpg,virtual,85,beacon,0,0.308000,0.329643,0.019200,0.029520,0.9940
beacon_000034.jpg,virtual,90,beacon,0,0.312000,0.334563,0.019200,0.029520,0.9948
beacon_000035.jpg,virtual,105,beacon,0,0.324000,0.349323,0.019200,0.029520,0.9925
beacon_000036.jpg,virtual,114,beacon,0,0.331200,0.358180,0.019200,0.029520,0.9922
beacon_000037.jpg,virtual,120,beacon,0,0.336000,0.364084,0.019200,0.029520,0.9922
beacon_000038.jpg,virtual,135,beacon,0,0.349279,0.376041,0.019200,0.029520,0.9921
beacon_000039.jpg,virtual,150,beacon,0,0.362558,0.387998,0.019200,0.029520,0.9921
beacon_000040.jpg,virtual,165,beacon,0,0.375837,0.399956,0.019200,0.029520,0.9921
beacon_000041.jpg,virtual,180,beacon,0,0.253331,0.337927,0.012500,0.024218,0.9946
beacon_000042.jpg,virtual,195,beacon,0,0.261976,0.347737,0.012500,0.024218,0.9946
beacon_000043.jpg,virtual,210,beacon,0,0.270622,0.357546,0.012500,0.024218,0.9946
beacon_000044.jpg,virtual,225,beacon,0,0.279267,0.367356,0.012500,0.024218,0.9946
beacon_000045.jpg,virtual,240,beacon,0,0.287912,0.377166,0.012500,0.024218,0.9946
beacon_000046.jpg,virtual,255,beacon,0,0.281363,0.400788,0.012500,0.024218,0.9935
beacon_000047.jpg,virtual,270,beacon,0,0.274814,0.424411,0.012500,0.024218,0.9926
beacon_000048.jpg,virtual,285,beacon,0,0.268265,0.448033,0.012500,0.024218,0.9925
beacon_000049.jpg,virtual,300,beacon,0,0.261716,0.471656,0.012500,0.024218,0.9925
beacon_000050.jpg,virtual,315,beacon,0,0.222381,0.403707,0.012500,0.024218,0.9753
beacon_000051.jpg,virtual,330,beacon,0,0.183047,0.335758,0.012500,0.024218,0.9653
beacon_000052.jpg,virtual,345,beacon,0,0.143712,0.267809,0.012500,0.024218,0.9555
beacon_000053.jpg,virtual,360,beacon,0,0.104377,0.199860,0.012500,0.024218,0.9457
beacon_000054.jpg,virtual,375,beacon,0,0.066712,0.159072,0.012500,0.024218,0.9439
beacon_000055.jpg,virtual,390,beacon,0,0.029046,0.118285,0.012500,0.024218,0.9382
beacon_000056.jpg,virtual,405,beacon,0,0.018805,0.077497,0.012500,0.024218,0.9473
beacon_000057.jpg,virtual,420,beacon,0,0.056471,0.036709,0.012500,0.024218,0.9675
beacon_000058.jpg,virtual,435,beacon,0,0.094136,0.025705,0.012500,0.024218,0.9595
beacon_000059.jpg,virtual,450,beacon,0,0.131802,0.066493,0.012500,0.024218,0.9731
beacon_000060.jpg,virtual,465,beacon,0,0.169468,0.107280,0.012500,0.024218,0.9692
beacon_000061.jpg,virtual,480,beacon,0,0.207133,0.148068,0.012500,0.024218,0.9612
beacon_000062.jpg,virtual,495,beacon,0,0.246196,0.211676,0.012500,0.024218,0.9511
beacon_000063.jpg,virtual,510,beacon,0,0.285258,0.275284,0.012500,0.024218,0.9423
beacon_000064.jpg,virtual,525,beacon,0,0.324321,0.338892,0.012500,0.024218,0.9335
beacon_000065.jpg,virtual,537,beacon,0,0.386562,0.521695,0.012500,0.024218,0.9511
beacon_000066.jpg,virtual,540,beacon,0,0.378750,0.536831,0.012500,0.024218,0.9658
beacon_000067.jpg,virtual,555,beacon,0,0.339687,0.612513,0.012500,0.024218,0.9758
beacon_000068.jpg,virtual,570,beacon,0,0.300625,0.688194,0.012500,0.024218,0.9631
beacon_000069.jpg,virtual,585,beacon,0,0.261562,0.763875,0.012500,0.024218,0.9509
beacon_000070.jpg,virtual,600,beacon,0,0.245543,0.774526,0.012500,0.024218,0.9572
beacon_000071.jpg,virtual,615,beacon,0,0.292894,0.742153,0.012500,0.024218,0.9731
beacon_000072.jpg,virtual,630,beacon,0,0.340245,0.679507,0.012500,0.024218,0.9614
beacon_000073.jpg,virtual,645,beacon,0,0.387596,0.616861,0.012500,0.024218,0.9426
beacon_000074.jpg,virtual,660,beacon,0,0.689147,0.353754,0.012500,0.024218,0.9485
beacon_000075.jpg,virtual,675,beacon,0,0.631034,0.450446,0.012500,0.024218,0.9683
beacon_000076.jpg,virtual,690,beacon,0,0.572922,0.547139,0.012500,0.024218,0.9320
beacon_000077.jpg,virtual,705,beacon,0,0.071344,0.252048,0.012500,0.024218,0.9544
beacon_000078.jpg,virtual,720,beacon,0,0.074391,0.250071,0.012500,0.024218,0.9902
beacon_000079.jpg,virtual,735,beacon,0,0.077438,0.248100,0.012500,0.024218,0.9995
beacon_000080.jpg,virtual,750,beacon,0,0.080484,0.246138,0.012500,0.024218,0.9985
beacon_000081.jpg,virtual,756,beacon,0,0.081703,0.245355,0.012500,0.024218,0.9984
beacon_000082.jpg,virtual,765,beacon,0,0.083531,0.244184,0.012500,0.024218,0.9983
beacon_000083.jpg,virtual,780,beacon,0,0.086578,0.242238,0.012500,0.024218,0.9983
beacon_000084.jpg,virtual,795,beacon,0,0.089625,0.240300,0.012500,0.024218,0.9983
beacon_000085.jpg,virtual,810,beacon,0,0.092672,0.238372,0.012500,0.024218,0.9983
beacon_000086.jpg,virtual,825,beacon,0,0.095719,0.236452,0.012500,0.024218,0.9983
beacon_000087.jpg,virtual,840,beacon,0,0.098766,0.234542,0.012500,0.024218,0.9983
beacon_000088.jpg,virtual,855,beacon,0,0.101813,0.232641,0.012500,0.024218,0.9983
beacon_000089.jpg,virtual,870,beacon,0,0.104859,0.230751,0.012500,0.024218,0.9983
beacon_000090.jpg,virtual,885,beacon,0,0.107906,0.228871,0.012500,0.024218,0.9983
beacon_000091.jpg,virtual,900,beacon,0,0.110953,0.227001,0.012500,0.024218,0.9983
beacon_000092.jpg,virtual,915,beacon,0,0.114000,0.225141,0.012500,0.024218,0.9983
beacon_000093.jpg,virtual,930,beacon,0,0.117047,0.223293,0.012500,0.024218,0.9983
beacon_000094.jpg,virtual,945,beacon,0,0.120094,0.221456,0.012500,0.024218,0.9983
beacon_000095.jpg,virtual,960,beacon,0,0.123141,0.219630,0.012500,0.024218,0.9983
beacon_000096.jpg,virtual,975,beacon,0,0.126188,0.217816,0.012500,0.024218,0.9983
beacon_000097.jpg,virtual,990,beacon,0,0.129234,0.216015,0.012500,0.024218,0.9983
beacon_000098.jpg,virtual,1005,beacon,0,0.132281,0.214225,0.012500,0.024218,0.9983
beacon_000099.jpg,virtual,1020,beacon,0,0.135328,0.212448,0.012500,0.024218,0.9983
beacon_000100.jpg,virtual,1035,beacon,0,0.138375,0.210683,0.012500,0.024218,0.9983
beacon_000101.jpg,virtual,1050,beacon,0,0.141422,0.208932,0.012500,0.024218,0.9983
beacon_000102.jpg,virtual,1065,beacon,0,0.144469,0.207193,0.012500,0.024218,0.9983
beacon_000103.jpg,virtual,1080,beacon,0,0.147516,0.205468,0.012500,0.024218,0.9983
beacon_000104.jpg,virtual,1095,beacon,0,0.150563,0.203757,0.012500,0.024218,0.9983
beacon_000105.jpg,virtual,1110,beacon,0,0.153609,0.202060,0.012500,0.024218,0.9983
beacon_000106.jpg,virtual,1125,beacon,0,0.117354,0.131312,0.012500,0.024218,0.9750
beacon_000107.jpg,virtual,1140,beacon,0,0.078292,0.055630,0.012500,0.024218,0.9627
beacon_000108.jpg,virtual,1155,beacon,0,0.039229,0.042381,0.012500,0.024218,0.9555
beacon_000109.jpg,virtual,1170,beacon,0,0.012051,0.053328,0.012500,0.024218,0.9373
beacon_000110.jpg,virtual,1185,beacon,0,0.055558,0.052315,0.012500,0.024218,0.9755
beacon_000111.jpg,virtual,1200,beacon,0,0.099065,0.138470,0.012500,0.024218,0.9756
beacon_000112.jpg,virtual,1215,beacon,0,0.142572,0.224625,0.012500,0.024218,0.9557
beacon_000113.jpg,virtual,1230,beacon,0,0.184301,0.306590,0.012500,0.024218,0.9388
beacon_000114.jpg,virtual,1243,beacon,0,0.627029,0.230671,0.012500,0.024218,0.9258
beacon_000115.jpg,virtual,1245,beacon,0,0.621078,0.241332,0.012500,0.024218,0.9306
beacon_000116.jpg,virtual,1260,beacon,0,0.688271,0.593942,0.012500,0.024218,0.9269
beacon_000117.jpg,virtual,1275,beacon,0,0.320474,0.748858,0.012500,0.024218,0.9705
beacon_000118.jpg,virtual,1290,beacon,0,0.359537,0.687975,0.012500,0.024218,0.9829
beacon_000119.jpg,virtual,1305,beacon,0,0.398599,0.641585,0.012500,0.024218,0.9729
beacon_000120.jpg,virtual,1320,beacon,0,0.437662,0.595195,0.012500,0.024218,0.9647
beacon_000121.jpg,virtual,1335,beacon,0,0.476724,0.548806,0.012500,0.024218,0.9565
beacon_000122.jpg,virtual,1350,beacon,0,0.515787,0.502416,0.012500,0.024218,0.9481
beacon_000123.jpg,virtual,1365,beacon,0,0.554849,0.456027,0.012500,0.024218,0.9397
beacon_000124.jpg,virtual,1380,beacon,0,0.593912,0.409637,0.012500,0.024218,0.9312
beacon_000125.jpg,video,15,beacon,0,0.481172,0.483529,0.037657,0.023529,0.6193
beacon_000126.jpg,video,30,beacon,0,0.484310,0.487059,0.039749,0.023529,0.6220
beacon_000127.jpg,video,45,beacon,0,0.481172,0.488235,0.037657,0.023529,0.6167
beacon_000128.jpg,video,60,beacon,0,0.479079,0.485882,0.037657,0.023529,0.6174
beacon_000129.jpg,video,75,beacon,0,0.480126,0.485882,0.039749,0.023529,0.6215
beacon_000130.jpg,video,90,beacon,0,0.482218,0.482353,0.039749,0.023529,0.6169
beacon_000131.jpg,video,105,beacon,0,0.459205,0.475294,0.039749,0.023529,0.6240
beacon_000132.jpg,video,120,beacon,0,0.438285,0.468235,0.039749,0.023529,0.6194
beacon_000133.jpg,video,135,beacon,0,0.419456,0.467059,0.039749,0.023529,0.6183
beacon_000134.jpg,video,150,beacon,0,0.400628,0.463529,0.039749,0.023529,0.6163
beacon_000135.jpg,video,165,beacon,0,0.404812,0.464706,0.039749,0.023529,0.6169
beacon_000136.jpg,video,180,beacon,0,0.404812,0.461176,0.039749,0.023529,0.6150
beacon_000137.jpg,video,195,beacon,0,0.401674,0.461176,0.037657,0.023529,0.6137
beacon_000138.jpg,video,210,beacon,0,0.405858,0.463529,0.037657,0.023529,0.6089
beacon_000139.jpg,video,225,beacon,0,0.410042,0.465882,0.037657,0.023529,0.6138
beacon_000140.jpg,video,240,beacon,0,0.401674,0.468235,0.037657,0.023529,0.6095
beacon_000141.jpg,video,255,beacon,0,0.389121,0.473529,0.037657,0.022353,0.6098
beacon_000142.jpg,video,270,beacon,0,0.383891,0.470000,0.035565,0.022353,0.6067
beacon_000143.jpg,video,285,beacon,0,0.382845,0.451176,0.037657,0.022353,0.6087
beacon_000144.jpg,video,300,beacon,0,0.387029,0.441176,0.037657,0.023529,0.6117
beacon_000145.jpg,video,315,beacon,0,0.387029,0.428235,0.037657,0.023529,0.6141
beacon_000146.jpg,video,330,beacon,0,0.387029,0.416471,0.037657,0.023529,0.6129
beacon_000147.jpg,video,345,beacon,0,0.387029,0.402353,0.037657,0.023529,0.6104
beacon_000148.jpg,video,360,beacon,0,0.387029,0.394118,0.037657,0.023529,0.6116
beacon_000149.jpg,video,375,beacon,0,0.390167,0.387647,0.039749,0.022353,0.6133
beacon_000150.jpg,video,390,beacon,0,0.398536,0.381765,0.039749,0.022353,0.6144
beacon_000151.jpg,video,405,beacon,0,0.394351,0.384118,0.039749,0.022353,0.6122
beacon_000152.jpg,video,420,beacon,0,0.384937,0.406471,0.037657,0.022353,0.6131
beacon_000153.jpg,video,435,beacon,0,0.380753,0.422353,0.037657,0.023529,0.6098
beacon_000154.jpg,video,450,beacon,0,0.368201,0.445294,0.037657,0.022353,0.6082
beacon_000155.jpg,video,465,beacon,0,0.370293,0.454706,0.037657,0.022353,0.6059
beacon_000156.jpg,video,480,beacon,0,0.374477,0.454706,0.037657,0.022353,0.6078
beacon_000157.jpg,video,495,beacon,0,0.380753,0.457059,0.037657,0.022353,0.6060
beacon_000158.jpg,video,510,beacon,0,0.378661,0.455882,0.037657,0.022353,0.6061
beacon_000159.jpg,video,525,beacon,0,0.380753,0.450000,0.037657,0.022353,0.6054
beacon_000160.jpg,video,540,beacon,0,0.383891,0.450588,0.035565,0.021176,0.6031
beacon_000161.jpg,video,555,beacon,0,0.387029,0.437059,0.037657,0.022353,0.6055
beacon_000162.jpg,video,570,beacon,0,0.393305,0.408824,0.037657,0.022353,0.6062
beacon_000163.jpg,video,585,beacon,0,0.399582,0.391176,0.037657,0.022353,0.6082
beacon_000164.jpg,video,600,beacon,0,0.404812,0.382941,0.039749,0.022353,0.6099
beacon_000165.jpg,video,615,beacon,0,0.408996,0.378235,0.039749,0.022353,0.6141
beacon_000166.jpg,video,630,beacon,0,0.414226,0.372941,0.037657,0.023529,0.6121
beacon_000167.jpg,video,645,beacon,0,0.414226,0.368824,0.037657,0.022353,0.6116
beacon_000168.jpg,video,660,beacon,0,0.415272,0.367647,0.039749,0.022353,0.6089
beacon_000169.jpg,video,675,beacon,0,0.426778,0.356471,0.037657,0.023529,0.6079
beacon_000170.jpg,video,690,beacon,0,0.424686,0.344706,0.037657,0.023529,0.6102
beacon_000171.jpg,video,705,beacon,0,0.424686,0.331176,0.037657,0.022353,0.6066
beacon_000172.jpg,video,720,beacon,0,0.437238,0.316471,0.037657,0.023529,0.6104
beacon_000173.jpg,video,735,beacon,0,0.453975,0.304118,0.037657,0.022353,0.6131
beacon_000174.jpg,video,750,beacon,0,0.460251,0.295294,0.037657,0.023529,0.6106
beacon_000175.jpg,video,765,beacon,0,0.463389,0.290588,0.039749,0.023529,0.6128
beacon_000176.jpg,video,780,beacon,0,0.466527,0.285882,0.037657,0.023529,0.6133
beacon_000177.jpg,video,795,beacon,0,0.465481,0.282353,0.039749,0.023529,0.6172
beacon_000178.jpg,video,810,beacon,0,0.464435,0.274118,0.037657,0.023529,0.6158
beacon_000125.jpg,virtual,1,beacon,0,0.240800,0.246986,0.019200,0.029520,0.9570
beacon_000126.jpg,virtual,15,beacon,0,0.252000,0.260763,0.019200,0.029520,0.9917
beacon_000127.jpg,virtual,30,beacon,0,0.264000,0.275523,0.019200,0.029520,0.9939
beacon_000128.jpg,virtual,45,beacon,0,0.276000,0.290283,0.019200,0.029520,0.9940
beacon_000129.jpg,virtual,60,beacon,0,0.288000,0.305043,0.019200,0.029520,0.9940
beacon_000130.jpg,virtual,61,beacon,0,0.188021,0.251060,0.012500,0.024218,0.9959
beacon_000131.jpg,virtual,75,beacon,0,0.195312,0.262361,0.012500,0.024218,0.9959
beacon_000132.jpg,virtual,85,beacon,0,0.200521,0.270434,0.012500,0.024218,0.9959
beacon_000133.jpg,virtual,90,beacon,0,0.203125,0.274470,0.012500,0.024218,0.9964
beacon_000134.jpg,virtual,105,beacon,0,0.210938,0.286579,0.012500,0.024218,0.9948
beacon_000135.jpg,virtual,114,beacon,0,0.215625,0.293845,0.012500,0.024218,0.9947
beacon_000136.jpg,virtual,120,beacon,0,0.218750,0.298688,0.012500,0.024218,0.9946
beacon_000137.jpg,virtual,135,beacon,0,0.219793,0.300050,0.012500,0.024218,0.9986
beacon_000138.jpg,virtual,150,beacon,0,0.220837,0.301413,0.012500,0.024218,0.9992
beacon_000139.jpg,virtual,165,beacon,0,0.221880,0.302775,0.012500,0.024218,0.9993
beacon_000140.jpg,virtual,180,beacon,0,0.222923,0.304137,0.012500,0.024218,0.9993
beacon_000141.jpg,virtual,195,beacon,0,0.223967,0.305500,0.012500,0.024218,0.9993
beacon_000142.jpg,virtual,210,beacon,0,0.225010,0.306862,0.012500,0.024218,0.9993
beacon_000143.jpg,virtual,225,beacon,0,0.226053,0.308224,0.012500,0.024218,0.9993
beacon_000144.jpg,virtual,240,beacon,0,0.227097,0.309587,0.012500,0.024218,0.9993
beacon_000145.jpg,virtual,255,beacon,0,0.232599,0.288951,0.012500,0.024218,0.9945
beacon_000146.jpg,virtual,270,beacon,0,0.238101,0.268315,0.012500,0.024218,0.9936
beacon_000147.jpg,virtual,285,beacon,0,0.243603,0.247680,0.012500,0.024218,0.9935
beacon_000148.jpg,virtual,300,beacon,0,0.249105,0.227044,0.012500,0.024218,0.9935
beacon_000149.jpg,virtual,315,beacon,0,0.290030,0.296510,0.012500,0.024218,0.9742
beacon_000150.jpg,virtual,330,beacon,0,0.330955,0.365976,0.012500,0.024218,0.9624
beacon_000151.jpg,virtual,345,beacon,0,0.371881,0.435441,0.012500,0.024218,0.9506
beacon_000152.jpg,virtual,360,beacon,0,0.412806,0.504907,0.012500,0.024218,0.9387
beacon_000153.jpg,virtual,375,beacon,0,0.451868,0.580588,0.012500,0.024218,0.9268
beacon_000154.jpg,virtual,390,beacon,0,0.361162,0.147326,0.012500,0.024218,0.9309
beacon_000155.jpg,virtual,405,beacon,0,0.322100,0.071645,0.012500,0.024218,0.9817
beacon_000156.jpg,virtual,420,beacon,0,0.283037,0.027245,0.012500,0.024218,0.9591
beacon_000157.jpg,virtual,435,beacon,0,0.249583,0.103605,0.012500,0.024218,0.9781
beacon_000158.jpg,virtual,450,beacon,0,0.294636,0.189462,0.012500,0.024218,0.9698
beacon_000159.jpg,virtual,465,beacon,0,0.339690,0.275320,0.012500,0.024218,0.9488
beacon_000160.jpg,video,15,beacon,0,0.628906,0.755208,0.035937,0.047917,0.7840
beacon_000161.jpg,video,30,beacon,0,0.738281,0.782292,0.035937,0.047917,0.7877
beacon_000162.jpg,video,45,beacon,0,0.792969,0.771875,0.035937,0.047917,0.7928
beacon_000163.jpg,video,60,beacon,0,0.797656,0.726042,0.035937,0.047917,0.7894
beacon_000164.jpg,video,75,beacon,0,0.766406,0.651042,0.035937,0.047917,0.7908
beacon_000165.jpg,video,90,beacon,0,0.727344,0.557292,0.035937,0.047917,0.7895
beacon_000166.jpg,video,105,beacon,0,0.696094,0.455208,0.035937,0.047917,0.7896
beacon_000167.jpg,video,120,beacon,0,0.685156,0.359375,0.035937,0.047917,0.7907
beacon_000168.jpg,video,135,beacon,0,0.683594,0.282292,0.035937,0.047917,0.7922
beacon_000169.jpg,video,150,beacon,0,0.667969,0.232292,0.035937,0.047917,0.7937
beacon_000170.jpg,video,165,beacon,0,0.621094,0.219792,0.035937,0.047917,0.7924
beacon_000171.jpg,video,180,beacon,0,0.530469,0.238542,0.035937,0.047917,0.7881
beacon_000172.jpg,video,195,beacon,0,0.408594,0.294792,0.035937,0.047917,0.7847
beacon_000173.jpg,video,210,beacon,0,0.282031,0.376042,0.035937,0.047917,0.7841
beacon_000174.jpg,video,225,beacon,0,0.182031,0.471875,0.035937,0.047917,0.7846
beacon_000175.jpg,video,240,beacon,0,0.133594,0.571875,0.035937,0.047917,0.7449
beacon_000176.jpg,video,255,beacon,0,0.149219,0.661458,0.035937,0.047917,0.7490
beacon_000177.jpg,video,270,beacon,0,0.211719,0.732292,0.035937,0.047917,0.7891
beacon_000178.jpg,video,285,beacon,0,0.296094,0.771875,0.035937,0.047917,0.7891
beacon_000179.jpg,video,300,beacon,0,0.374219,0.776042,0.035937,0.047917,0.7904
beacon_000180.jpg,video,315,beacon,0,0.628906,0.755208,0.035937,0.047917,0.7834
beacon_000181.jpg,video,330,beacon,0,0.738281,0.782292,0.035937,0.047917,0.7877
beacon_000182.jpg,video,345,beacon,0,0.792969,0.771875,0.035937,0.047917,0.7928
beacon_000183.jpg,video,360,beacon,0,0.797656,0.726042,0.035937,0.047917,0.7894
beacon_000184.jpg,video,375,beacon,0,0.766406,0.651042,0.035937,0.047917,0.7908
beacon_000185.jpg,video,390,beacon,0,0.727344,0.557292,0.035937,0.047917,0.7895
beacon_000186.jpg,video,405,beacon,0,0.696094,0.455208,0.035937,0.047917,0.7896
beacon_000187.jpg,video,420,beacon,0,0.685156,0.359375,0.035937,0.047917,0.7907
beacon_000188.jpg,video,435,beacon,0,0.683594,0.282292,0.035937,0.047917,0.7922
beacon_000189.jpg,video,450,beacon,0,0.667969,0.232292,0.035937,0.047917,0.7937
beacon_000190.jpg,video,465,beacon,0,0.621094,0.219792,0.035937,0.047917,0.7924
beacon_000191.jpg,video,480,beacon,0,0.530469,0.238542,0.035937,0.047917,0.7881
beacon_000192.jpg,video,495,beacon,0,0.408594,0.294792,0.035937,0.047917,0.7847
beacon_000193.jpg,video,510,beacon,0,0.282031,0.376042,0.035937,0.047917,0.7841
beacon_000194.jpg,video,525,beacon,0,0.182031,0.471875,0.035937,0.047917,0.7846
beacon_000195.jpg,video,540,beacon,0,0.133594,0.571875,0.035937,0.047917,0.7449
beacon_000196.jpg,video,555,beacon,0,0.149219,0.661458,0.035937,0.047917,0.7490
beacon_000197.jpg,video,570,beacon,0,0.211719,0.732292,0.035937,0.047917,0.7891
beacon_000198.jpg,video,585,beacon,0,0.296094,0.771875,0.035937,0.047917,0.7891
beacon_000199.jpg,video,600,beacon,0,0.374219,0.776042,0.035937,0.047917,0.7904
beacon_000200.jpg,video,615,beacon,0,0.628906,0.755208,0.035937,0.047917,0.7834
beacon_000201.jpg,video,630,beacon,0,0.738281,0.782292,0.035937,0.047917,0.7877
beacon_000202.jpg,video,645,beacon,0,0.792969,0.771875,0.035937,0.047917,0.7928
beacon_000203.jpg,video,660,beacon,0,0.797656,0.726042,0.035937,0.047917,0.7894
beacon_000204.jpg,video,675,beacon,0,0.766406,0.651042,0.035937,0.047917,0.7908
beacon_000205.jpg,video,690,beacon,0,0.727344,0.557292,0.035937,0.047917,0.7895
