image,action,reason
beacon_000003.jpg,REMOVED,near_duplicate_of:beacon_000002.jpg
beacon_000005.jpg,REMOVED,near_duplicate_of:beacon_000004.jpg
beacon_000011.jpg,REMOVED,near_duplicate_of:beacon_000010.jpg
beacon_000012.jpg,REMOVED,near_duplicate_of:beacon_000010.jpg
beacon_000015.jpg,REMOVED,near_duplicate_of:beacon_000014.jpg
beacon_000018.jpg,REMOVED,near_duplicate_of:beacon_000017.jpg
beacon_000026.jpg,REMOVED,near_duplicate_of:beacon_000000.jpg
beacon_000027.jpg,REMOVED,near_duplicate_of:beacon_000001.jpg
beacon_000028.jpg,REMOVED,near_duplicate_of:beacon_000002.jpg
beacon_000030.jpg,REMOVED,near_duplicate_of:beacon_000004.jpg
beacon_000031.jpg,REMOVED,near_duplicate_of:beacon_000004.jpg
beacon_000032.jpg,REMOVED,near_duplicate_of:beacon_000006.jpg
beacon_000033.jpg,REMOVED,near_duplicate_of:beacon_000007.jpg
beacon_000034.jpg,REMOVED,near_duplicate_of:beacon_000008.jpg
beacon_000035.jpg,REMOVED,near_duplicate_of:beacon_000009.jpg
beacon_000037.jpg,REMOVED,near_duplicate_of:beacon_000036.jpg
beacon_000039.jpg,REMOVED,near_duplicate_of:beacon_000038.jpg
beacon_000042.jpg,REMOVED,near_duplicate_of:beacon_000041.jpg
beacon_000044.jpg,REMOVED,near_duplicate_of:beacon_000043.jpg
beacon_000046.jpg,REMOVED,near_duplicate_of:beacon_000045.jpg
beacon_000048.jpg,REMOVED,near_duplicate_of:beacon_000047.jpg
beacon_000057.jpg,REMOVED,near_duplicate_of:beacon_000056.jpg
beacon_000058.jpg,REMOVED,near_duplicate_of:beacon_000056.jpg
beacon_000059.jpg,REMOVED,near_duplicate_of:beacon_000056.jpg
beacon_000066.jpg,REMOVED,near_duplicate_of:beacon_000065.jpg
beacon_000070.jpg,REMOVED,near_duplicate_of:beacon_000069.jpg
beacon_000073.jpg,REMOVED,near_duplicate_of:beacon_000068.jpg
beacon_000074.jpg,REMOVED,near_duplicate_of:beacon_000056.jpg
beacon_000076.jpg,REMOVED,near_duplicate_of:beacon_000075.jpg
beacon_000078.jpg,REMOVED,near_duplicate_of:beacon_000077.jpg
beacon_000079.jpg,REMOVED,near_duplicate_of:beacon_000077.jpg
beacon_000080.jpg,REMOVED,near_duplicate_of:beacon_000077.jpg
beacon_000081.jpg,REMOVED,near_duplicate_of:beacon_000077.jpg
beacon_000082.jpg,REMOVED,near_duplicate_of:beacon_000077.jpg
beacon_000083.jpg,REMOVED,near_duplicate_of:beacon_000077.jpg
beacon_000084.jpg,REMOVED,near_duplicate_of:beacon_000077.jpg
beacon_000085.jpg,REMOVED,near_duplicate_of:beacon_000077.jpg
beacon_000087.jpg,REMOVED,near_duplicate_of:beacon_000086.jpg
beacon_000088.jpg,REMOVED,near_duplicate_of:beacon_000086.jpg
beacon_000089.jpg,REMOVED,near_duplicate_of:beacon_000086.jpg
beacon_000090.jpg,REMOVED,near_duplicate_of:beacon_000086.jpg
beacon_000091.jpg,REMOVED,near_duplicate_of:beacon_000086.jpg
beacon_000092.jpg,REMOVED,near_duplicate_of:beacon_000086.jpg
beacon_000094.jpg,REMOVED,near_duplicate_of:beacon_000086.jpg
beacon_000095.jpg,REMOVED,near_duplicate_of:beacon_000086.jpg
beacon_000096.jpg,REMOVED,near_duplicate_of:beacon_000077.jpg
beacon_000097.jpg,REMOVED,near_duplicate_of:beacon_000077.jpg
beacon_000098.jpg,REMOVED,near_duplicate_of:beacon_000077.jpg
beacon_000099.jpg,REMOVED,near_duplicate_of:beacon_000077.jpg
beacon_000100.jpg,REMOVED,near_duplicate_of:beacon_000077.jpg
beacon_000101.jpg,REMOVED,near_duplicate_of:beacon_000077.jpg
beacon_000103.jpg,REMOVED,near_duplicate_of:beacon_000102.jpg
beacon_000104.jpg,REMOVED,near_duplicate_of:beacon_000102.jpg
beacon_000105.jpg,REMOVED,near_duplicate_of:beacon_000102.jpg
beacon_000109.jpg,REMOVED,near_duplicate_of:beacon_000106.jpg
beacon_000110.jpg,REMOVED,near_duplicate_of:beacon_000106.jpg
beacon_000111.jpg,REMOVED,near_duplicate_of:beacon_000107.jpg
beacon_000112.jpg,REMOVED,near_duplicate_of:beacon_000106.jpg
beacon_000113.jpg,REMOVED,near_duplicate_of:beacon_000106.jpg
beacon_000114.jpg,REMOVED,near_duplicate_of:beacon_000108.jpg
beacon_000115.jpg,REMOVED,near_duplicate_of:beacon_000108.jpg
beacon_000116.jpg,REMOVED,near_duplicate_of:beacon_000107.jpg
beacon_000117.jpg,REMOVED,near_duplicate_of:beacon_000108.jpg
beacon_000118.jpg,REMOVED,near_duplicate_of:beacon_000106.jpg
beacon_000119.jpg,REMOVED,near_duplicate_of:beacon_000107.jpg
beacon_000120.jpg,REMOVED,near_duplicate_of:beacon_000108.jpg
beacon_000121.jpg,REMOVED,near_duplicate_of:beacon_000106.jpg
beacon_000122.jpg,REMOVED,near_duplicate_of:beacon_000106.jpg
beacon_000123.jpg,REMOVED,near_duplicate_of:beacon_000107.jpg
beacon_000124.jpg,REMOVED,near_duplicate_of:beacon_000108.jpg
beacon_000125.jpg,REMOVED,near_duplicate_of:beacon_000000.jpg
beacon_000126.jpg,REMOVED,near_duplicate_of:beacon_000001.jpg
beacon_000127.jpg,REMOVED,near_duplicate_of:beacon_000002.jpg
beacon_000128.jpg,REMOVED,near_duplicate_of:beacon_000029.jpg
beacon_000129.jpg,REMOVED,near_duplicate_of:beacon_000004.jpg
beacon_000132.jpg,REMOVED,near_duplicate_of:beacon_000131.jpg
beacon_000133.jpg,REMOVED,near_duplicate_of:beacon_000010.jpg
beacon_000134.jpg,REMOVED,near_duplicate_of:beacon_000010.jpg
beacon_000135.jpg,REMOVED,near_duplicate_of:beacon_000010.jpg
beacon_000136.jpg,REMOVED,near_duplicate_of:beacon_000010.jpg
beacon_000137.jpg,REMOVED,near_duplicate_of:beacon_000010.jpg
beacon_000138.jpg,REMOVED,near_duplicate_of:beacon_000010.jpg
beacon_000139.jpg,REMOVED,near_duplicate_of:beacon_000010.jpg
beacon_000141.jpg,REMOVED,near_duplicate_of:beacon_000140.jpg
beacon_000142.jpg,REMOVED,near_duplicate_of:beacon_000140.jpg
beacon_000143.jpg,REMOVED,near_duplicate_of:beacon_000140.jpg
beacon_000144.jpg,REMOVED,near_duplicate_of:beacon_000140.jpg
beacon_000145.jpg,REMOVED,near_duplicate_of:beacon_000013.jpg
beacon_000146.jpg,REMOVED,near_duplicate_of:beacon_000010.jpg
beacon_000148.jpg,REMOVED,near_duplicate_of:beacon_000063.jpg
beacon_000149.jpg,REMOVED,near_duplicate_of:beacon_000014.jpg
beacon_000156.jpg,REMOVED,near_duplicate_of:beacon_000155.jpg
beacon_000158.jpg,REMOVED,near_duplicate_of:beacon_000157.jpg
beacon_000180.jpg,REMOVED,exact_duplicate_of:beacon_000160.jpg
beacon_000181.jpg,REMOVED,exact_duplicate_of:beacon_000161.jpg
beacon_000182.jpg,REMOVED,exact_duplicate_of:beacon_000162.jpg
beacon_000183.jpg,REMOVED,exact_duplicate_of:beacon_000163.jpg
beacon_000184.jpg,REMOVED,exact_duplicate_of:beacon_000164.jpg
beacon_000185.jpg,REMOVED,exact_duplicate_of:beacon_000165.jpg
beacon_000186.jpg,REMOVED,exact_duplicate_of:beacon_000166.jpg
beacon_000187.jpg,REMOVED,exact_duplicate_of:beacon_000167.jpg
beacon_000188.jpg,REMOVED,exact_duplicate_of:beacon_000168.jpg
beacon_000189.jpg,REMOVED,exact_duplicate_of:beacon_000169.jpg
beacon_000190.jpg,REMOVED,exact_duplicate_of:beacon_000170.jpg
beacon_000191.jpg,REMOVED,exact_duplicate_of:beacon_000171.jpg
beacon_000192.jpg,REMOVED,exact_duplicate_of:beacon_000172.jpg
beacon_000193.jpg,REMOVED,exact_duplicate_of:beacon_000173.jpg
beacon_000194.jpg,REMOVED,exact_duplicate_of:beacon_000174.jpg
beacon_000195.jpg,REMOVED,exact_duplicate_of:beacon_000175.jpg
beacon_000196.jpg,REMOVED,exact_duplicate_of:beacon_000176.jpg
beacon_000197.jpg,REMOVED,exact_duplicate_of:beacon_000177.jpg
beacon_000198.jpg,REMOVED,exact_duplicate_of:beacon_000178.jpg
beacon_000199.jpg,REMOVED,exact_duplicate_of:beacon_000179.jpg
beacon_000200.jpg,REMOVED,exact_duplicate_of:beacon_000160.jpg
beacon_000201.jpg,REMOVED,exact_duplicate_of:beacon_000161.jpg
beacon_000202.jpg,REMOVED,exact_duplicate_of:beacon_000162.jpg
beacon_000203.jpg,REMOVED,exact_duplicate_of:beacon_000163.jpg
beacon_000204.jpg,REMOVED,exact_duplicate_of:beacon_000164.jpg
beacon_000205.jpg,REMOVED,exact_duplicate_of:beacon_000165.jpg
beacon_000206.jpg,REMOVED,near_duplicate_of:beacon_000007.jpg
beacon_000207.jpg,REMOVED,near_duplicate_of:beacon_000007.jpg
beacon_000208.jpg,REMOVED,near_duplicate_of:beacon_000008.jpg
beacon_000210.jpg,REMOVED,near_duplicate_of:beacon_000036.jpg
beacon_000211.jpg,REMOVED,near_duplicate_of:beacon_000038.jpg
beacon_000214.jpg,REMOVED,near_duplicate_of:beacon_000000.jpg
beacon_000215.jpg,REMOVED,near_duplicate_of:beacon_000001.jpg
beacon_000217.jpg,REMOVED,near_duplicate_of:beacon_000029.jpg
beacon_000218.jpg,REMOVED,near_duplicate_of:beacon_000004.jpg
beacon_000220.jpg,REMOVED,near_duplicate_of:beacon_000007.jpg
beacon_000221.jpg,REMOVED,near_duplicate_of:beacon_000008.jpg
beacon_000222.jpg,REMOVED,near_duplicate_of:beacon_000209.jpg
beacon_000223.jpg,REMOVED,near_duplicate_of:beacon_000036.jpg
beacon_000225.jpg,REMOVED,near_duplicate_of:beacon_000212.jpg
beacon_000237.jpg,REMOVED,near_duplicate_of:beacon_000235.jpg
beacon_000238.jpg,REMOVED,near_duplicate_of:beacon_000236.jpg
beacon_000244.jpg,REMOVED,near_duplicate_of:beacon_000000.jpg
beacon_000245.jpg,REMOVED,near_duplicate_of:beacon_000001.jpg
beacon_000246.jpg,REMOVED,near_duplicate_of:beacon_000216.jpg
beacon_000247.jpg,REMOVED,near_duplicate_of:beacon_000029.jpg
beacon_000248.jpg,REMOVED,near_duplicate_of:beacon_000004.jpg
beacon_000249.jpg,REMOVED,near_duplicate_of:beacon_000006.jpg
beacon_000250.jpg,REMOVED,near_duplicate_of:beacon_000007.jpg
beacon_000251.jpg,REMOVED,near_duplicate_of:beacon_000008.jpg
beacon_000252.jpg,REMOVED,near_duplicate_of:beacon_000209.jpg
beacon_000253.jpg,REMOVED,near_duplicate_of:beacon_000036.jpg
beacon_000254.jpg,REMOVED,near_duplicate_of:beacon_000224.jpg
beacon_000255.jpg,REMOVED,near_duplicate_of:beacon_000212.jpg
beacon_000257.jpg,REMOVED,near_duplicate_of:beacon_000226.jpg
beacon_000259.jpg,REMOVED,near_duplicate_of:beacon_000228.jpg
beacon_000262.jpg,REMOVED,near_duplicate_of:beacon_000261.jpg
beacon_000277.jpg,REMOVED,near_duplicate_of:beacon_000275.jpg
beacon_000278.jpg,REMOVED,near_duplicate_of:beacon_000274.jpg
beacon_000297.jpg,REMOVED,near_duplicate_of:beacon_000224.jpg
beacon_000298.jpg,REMOVED,near_duplicate_of:beacon_000007.jpg
beacon_000303.jpg,REMOVED,near_duplicate_of:beacon_000302.jpg
beacon_000304.jpg,REMOVED,near_duplicate_of:beacon_000274.jpg
beacon_000305.jpg,REMOVED,near_duplicate_of:beacon_000274.jpg
beacon_000306.jpg,REMOVED,near_duplicate_of:beacon_000274.jpg
beacon_000307.jpg,REMOVED,near_duplicate_of:beacon_000274.jpg
beacon_000308.jpg,REMOVED,near_duplicate_of:beacon_000275.jpg
beacon_000309.jpg,REMOVED,near_duplicate_of:beacon_000274.jpg
beacon_000310.jpg,REMOVED,near_duplicate_of:beacon_000274.jpg
beacon_000311.jpg,REMOVED,near_duplicate_of:beacon_000275.jpg
beacon_000312.jpg,REMOVED,near_duplicate_of:beacon_000274.jpg
beacon_000313.jpg,REMOVED,near_duplicate_of:beacon_000274.jpg
beacon_000314.jpg,REMOVED,near_duplicate_of:beacon_000274.jpg
beacon_000316.jpg,REMOVED,near_duplicate_of:beacon_000281.jpg
beacon_000336.jpg,REMOVED,near_duplicate_of:beacon_000315.jpg
beacon_000337.jpg,REMOVED,near_duplicate_of:beacon_000274.jpg
beacon_000338.jpg,REMOVED,near_duplicate_of:beacon_000274.jpg
beacon_000347.jpg,REMOVED,near_duplicate_of:beacon_000346.jpg
beacon_000369.jpg,REMOVED,near_duplicate_of:beacon_000319.jpg
beacon_000373.jpg,REMOVED,near_duplicate_of:beacon_000274.jpg
beacon_000374.jpg,REMOVED,near_duplicate_of:beacon_000274.jpg
beacon_000375.jpg,REMOVED,near_duplicate_of:beacon_000274.jpg
beacon_000378.jpg,REMOVED,near_duplicate_of:beacon_000376.jpg
beacon_000394.jpg,REMOVED,near_duplicate_of:beacon_000380.jpg
beacon_000395.jpg,REMOVED,near_duplicate_of:beacon_000274.jpg
beacon_000396.jpg,REMOVED,near_duplicate_of:beacon_000274.jpg
beacon_000397.jpg,REMOVED,near_duplicate_of:beacon_000274.jpg
beacon_000398.jpg,REMOVED,near_duplicate_of:beacon_000274.jpg
beacon_000399.jpg,REMOVED,near_duplicate_of:beacon_000274.jpg
beacon_000400.jpg,REMOVED,near_duplicate_of:beacon_000274.jpg
beacon_000409.jpg,REMOVED,near_duplicate_of:beacon_000382.jpg
beacon_000416.jpg,REMOVED,near_duplicate_of:beacon_000333.jpg
beacon_000418.jpg,REMOVED,near_duplicate_of:beacon_000272.jpg
beacon_000419.jpg,REMOVED,near_duplicate_of:beacon_000274.jpg
beacon_000420.jpg,REMOVED,near_duplicate_of:beacon_000274.jpg
beacon_000421.jpg,REMOVED,near_duplicate_of:beacon_000274.jpg
beacon_000428.jpg,REMOVED,near_duplicate_of:beacon_000291.jpg
beacon_000430.jpg,REMOVED,near_duplicate_of:beacon_000326.jpg
beacon_000442.jpg,REMOVED,near_duplicate_of:beacon_000227.jpg
beacon_000446.jpg,REMOVED,near_duplicate_of:beacon_000291.jpg
beacon_000457.jpg,REMOVED,near_duplicate_of:beacon_000302.jpg
beacon_000461.jpg,REMOVED,near_duplicate_of:beacon_000274.jpg
beacon_000462.jpg,REMOVED,near_duplicate_of:beacon_000274.jpg
beacon_000463.jpg,REMOVED,near_duplicate_of:beacon_000274.jpg
beacon_000464.jpg,REMOVED,near_duplicate_of:beacon_000339.jpg
beacon_000467.jpg,REMOVED,near_duplicate_of:beacon_000341.jpg
beacon_000471.jpg,REMOVED,near_duplicate_of:beacon_000346.jpg
beacon_000473.jpg,REMOVED,near_duplicate_of:beacon_000382.jpg
beacon_000475.jpg,REMOVED,near_duplicate_of:beacon_000383.jpg
beacon_000477.jpg,REMOVED,near_duplicate_of:beacon_000385.jpg
beacon_000487.jpg,REMOVED,near_duplicate_of:beacon_000410.jpg
beacon_000488.jpg,REMOVED,near_duplicate_of:beacon_000382.jpg
beacon_000489.jpg,REMOVED,near_duplicate_of:beacon_000383.jpg
beacon_000490.jpg,REMOVED,near_duplicate_of:beacon_000349.jpg
beacon_000491.jpg,REMOVED,near_duplicate_of:beacon_000350.jpg
beacon_000492.jpg,REMOVED,near_duplicate_of:beacon_000351.jpg
beacon_000502.jpg,REMOVED,near_duplicate_of:beacon_000272.jpg
beacon_000503.jpg,REMOVED,near_duplicate_of:beacon_000273.jpg
beacon_000504.jpg,REMOVED,near_duplicate_of:beacon_000274.jpg
beacon_000505.jpg,REMOVED,near_duplicate_of:beacon_000274.jpg
beacon_000507.jpg,REMOVED,near_duplicate_of:beacon_000315.jpg
beacon_000508.jpg,REMOVED,near_duplicate_of:beacon_000281.jpg
beacon_000510.jpg,REMOVED,near_duplicate_of:beacon_000302.jpg
beacon_000511.jpg,REMOVED,near_duplicate_of:beacon_000455.jpg
beacon_000527.jpg,REMOVED,near_duplicate_of:beacon_000315.jpg
beacon_000528.jpg,REMOVED,near_duplicate_of:beacon_000281.jpg
beacon_000530.jpg,REMOVED,near_duplicate_of:beacon_000302.jpg
beacon_000538.jpg,REMOVED,near_duplicate_of:beacon_000326.jpg
beacon_000546.jpg,REMOVED,near_duplicate_of:beacon_000438.jpg
beacon_000549.jpg,REMOVED,near_duplicate_of:beacon_000274.jpg
beacon_000551.jpg,REMOVED,near_duplicate_of:beacon_000274.jpg
beacon_000552.jpg,REMOVED,near_duplicate_of:beacon_000274.jpg
beacon_000553.jpg,REMOVED,near_duplicate_of:beacon_000377.jpg
beacon_000555.jpg,REMOVED,near_duplicate_of:beacon_000379.jpg
beacon_000561.jpg,REMOVED,near_duplicate_of:beacon_000346.jpg
beacon_000562.jpg,REMOVED,near_duplicate_of:beacon_000346.jpg
beacon_000566.jpg,REMOVED,near_duplicate_of:beacon_000351.jpg
beacon_000572.jpg,REMOVED,near_duplicate_of:beacon_000434.jpg
beacon_000573.jpg,REMOVED,near_duplicate_of:beacon_000545.jpg
beacon_000575.jpg,REMOVED,near_duplicate_of:beacon_000548.jpg
beacon_000576.jpg,REMOVED,near_duplicate_of:beacon_000548.jpg
beacon_000577.jpg,REMOVED,near_duplicate_of:beacon_000302.jpg
beacon_000578.jpg,REMOVED,near_duplicate_of:beacon_000274.jpg
beacon_000579.jpg,REMOVED,near_duplicate_of:beacon_000274.jpg
beacon_000580.jpg,REMOVED,near_duplicate_of:beacon_000274.jpg
beacon_000581.jpg,REMOVED,near_duplicate_of:beacon_000274.jpg
beacon_000582.jpg,REMOVED,near_duplicate_of:beacon_000274.jpg
beacon_000583.jpg,REMOVED,near_duplicate_of:beacon_000274.jpg
beacon_000584.jpg,REMOVED,near_duplicate_of:beacon_000274.jpg
beacon_000585.jpg,REMOVED,near_duplicate_of:beacon_000376.jpg
beacon_000586.jpg,REMOVED,near_duplicate_of:beacon_000465.jpg
beacon_000587.jpg,REMOVED,near_duplicate_of:beacon_000340.jpg
beacon_000594.jpg,REMOVED,near_duplicate_of:beacon_000302.jpg
beacon_000595.jpg,REMOVED,near_duplicate_of:beacon_000279.jpg
beacon_000596.jpg,REMOVED,near_duplicate_of:beacon_000275.jpg
beacon_000597.jpg,REMOVED,near_duplicate_of:beacon_000275.jpg
beacon_000598.jpg,REMOVED,near_duplicate_of:beacon_000339.jpg
beacon_000611.jpg,REMOVED,near_duplicate_of:beacon_000383.jpg
beacon_000614.jpg,REMOVED,near_duplicate_of:beacon_000609.jpg
beacon_000615.jpg,REMOVED,near_duplicate_of:beacon_000609.jpg
beacon_000624.jpg,REMOVED,near_duplicate_of:beacon_000392.jpg
beacon_000627.jpg,REMOVED,near_duplicate_of:beacon_000274.jpg
beacon_000628.jpg,REMOVED,near_duplicate_of:beacon_000274.jpg
beacon_000629.jpg,REMOVED,near_duplicate_of:beacon_000274.jpg
beacon_000630.jpg,REMOVED,near_duplicate_of:beacon_000274.jpg
beacon_000631.jpg,REMOVED,near_duplicate_of:beacon_000274.jpg
beacon_000632.jpg,REMOVED,near_duplicate_of:beacon_000275.jpg
beacon_000633.jpg,REMOVED,near_duplicate_of:beacon_000274.jpg
beacon_000634.jpg,REMOVED,near_duplicate_of:beacon_000422.jpg
beacon_000635.jpg,REMOVED,near_duplicate_of:beacon_000279.jpg
beacon_000638.jpg,REMOVED,near_duplicate_of:beacon_000349.jpg
beacon_000639.jpg,REMOVED,near_duplicate_of:beacon_000350.jpg
beacon_000641.jpg,REMOVED,near_duplicate_of:beacon_000493.jpg
beacon_000646.jpg,REMOVED,near_duplicate_of:beacon_000393.jpg
beacon_000647.jpg,REMOVED,near_duplicate_of:beacon_000589.jpg
beacon_000649.jpg,REMOVED,near_duplicate_of:beacon_000274.jpg
beacon_000650.jpg,REMOVED,near_duplicate_of:beacon_000274.jpg
beacon_000651.jpg,REMOVED,near_duplicate_of:beacon_000275.jpg
beacon_000652.jpg,REMOVED,near_duplicate_of:beacon_000275.jpg
beacon_000653.jpg,REMOVED,near_duplicate_of:beacon_000274.jpg
beacon_000654.jpg,REMOVED,near_duplicate_of:beacon_000279.jpg
beacon_000657.jpg,REMOVED,near_duplicate_of:beacon_000281.jpg
beacon_000658.jpg,REMOVED,near_duplicate_of:beacon_000371.jpg
beacon_000660.jpg,REMOVED,near_duplicate_of:beacon_000333.jpg
beacon_000674.jpg,REMOVED,near_duplicate_of:beacon_000456.jpg
beacon_000678.jpg,REMOVED,near_duplicate_of:beacon_000274.jpg
beacon_000679.jpg,REMOVED,near_duplicate_of:beacon_000276.jpg
beacon_000680.jpg,REMOVED,near_duplicate_of:beacon_000276.jpg
beacon_000681.jpg,REMOVED,near_duplicate_of:beacon_000274.jpg
beacon_000682.jpg,REMOVED,near_duplicate_of:beacon_000302.jpg
beacon_000688.jpg,REMOVED,near_duplicate_of:beacon_000292.jpg
beacon_000690.jpg,REMOVED,near_duplicate_of:beacon_000327.jpg
beacon_000691.jpg,REMOVED,near_duplicate_of:beacon_000328.jpg
beacon_000702.jpg,REMOVED,near_duplicate_of:beacon_000346.jpg
beacon_000711.jpg,REMOVED,near_duplicate_of:beacon_000520.jpg
beacon_000717.jpg,REMOVED,near_duplicate_of:beacon_000372.jpg
beacon_000718.jpg,REMOVED,near_duplicate_of:beacon_000281.jpg
beacon_000719.jpg,REMOVED,near_duplicate_of:beacon_000274.jpg
beacon_000720.jpg,REMOVED,near_duplicate_of:beacon_000274.jpg
beacon_000721.jpg,REMOVED,near_duplicate_of:beacon_000276.jpg
beacon_000722.jpg,REMOVED,near_duplicate_of:beacon_000274.jpg
beacon_000723.jpg,REMOVED,near_duplicate_of:beacon_000460.jpg
beacon_000729.jpg,REMOVED,near_duplicate_of:beacon_000444.jpg
beacon_000731.jpg,REMOVED,near_duplicate_of:beacon_000360.jpg
beacon_000732.jpg,REMOVED,near_duplicate_of:beacon_000361.jpg
beacon_000736.jpg,REMOVED,near_duplicate_of:beacon_000346.jpg
beacon_000742.jpg,REMOVED,near_duplicate_of:beacon_000526.jpg
beacon_000743.jpg,REMOVED,near_duplicate_of:beacon_000302.jpg
beacon_000744.jpg,REMOVED,near_duplicate_of:beacon_000274.jpg
beacon_000745.jpg,REMOVED,near_duplicate_of:beacon_000274.jpg
beacon_000746.jpg,REMOVED,near_duplicate_of:beacon_000276.jpg
beacon_000747.jpg,REMOVED,near_duplicate_of:beacon_000274.jpg
beacon_000748.jpg,REMOVED,near_duplicate_of:beacon_000274.jpg
beacon_000749.jpg,REMOVED,near_duplicate_of:beacon_000274.jpg
beacon_000751.jpg,REMOVED,near_duplicate_of:beacon_000460.jpg
beacon_000752.jpg,REMOVED,near_duplicate_of:beacon_000372.jpg
beacon_000761.jpg,REMOVED,near_duplicate_of:beacon_000760.jpg
beacon_000762.jpg,REMOVED,near_duplicate_of:beacon_000445.jpg
beacon_000764.jpg,REMOVED,near_duplicate_of:beacon_000763.jpg
beacon_000773.jpg,REMOVED,near_duplicate_of:beacon_000274.jpg
beacon_000774.jpg,REMOVED,near_duplicate_of:beacon_000275.jpg
beacon_000775.jpg,REMOVED,near_duplicate_of:beacon_000275.jpg
beacon_000776.jpg,REMOVED,near_duplicate_of:beacon_000275.jpg
beacon_000777.jpg,REMOVED,near_duplicate_of:beacon_000274.jpg
beacon_000778.jpg,REMOVED,near_duplicate_of:beacon_000274.jpg
beacon_000780.jpg,REMOVED,near_duplicate_of:beacon_000625.jpg
beacon_000781.jpg,REMOVED,near_duplicate_of:beacon_000600.jpg
beacon_000790.jpg,REMOVED,near_duplicate_of:beacon_000625.jpg
beacon_000791.jpg,REMOVED,near_duplicate_of:beacon_000376.jpg
beacon_000792.jpg,REMOVED,near_duplicate_of:beacon_000274.jpg
beacon_000793.jpg,REMOVED,near_duplicate_of:beacon_000274.jpg
beacon_000794.jpg,REMOVED,near_duplicate_of:beacon_000274.jpg
beacon_000795.jpg,REMOVED,near_duplicate_of:beacon_000274.jpg
beacon_000796.jpg,REMOVED,near_duplicate_of:beacon_000274.jpg
beacon_000797.jpg,REMOVED,near_duplicate_of:beacon_000506.jpg
beacon_000799.jpg,REMOVED,near_duplicate_of:beacon_000279.jpg
beacon_000801.jpg,REMOVED,near_duplicate_of:beacon_000302.jpg
beacon_000812.jpg,REMOVED,near_duplicate_of:beacon_000410.jpg
beacon_000814.jpg,REMOVED,near_duplicate_of:beacon_000000.jpg
beacon_000815.jpg,REMOVED,near_duplicate_of:beacon_000001.jpg
beacon_000816.jpg,REMOVED,near_duplicate_of:beacon_000216.jpg
beacon_000818.jpg,REMOVED,near_duplicate_of:beacon_000004.jpg
beacon_000819.jpg,REMOVED,near_duplicate_of:beacon_000007.jpg
beacon_000820.jpg,REMOVED,near_duplicate_of:beacon_000007.jpg
beacon_000822.jpg,REMOVED,near_duplicate_of:beacon_000009.jpg
beacon_000823.jpg,REMOVED,near_duplicate_of:beacon_000036.jpg
beacon_000824.jpg,REMOVED,near_duplicate_of:beacon_000036.jpg
beacon_000827.jpg,REMOVED,near_duplicate_of:beacon_000826.jpg
beacon_000829.jpg,REMOVED,near_duplicate_of:beacon_000828.jpg
beacon_000840.jpg,REMOVED,near_duplicate_of:beacon_000274.jpg
beacon_000841.jpg,REMOVED,near_duplicate_of:beacon_000274.jpg
beacon_000842.jpg,REMOVED,near_duplicate_of:beacon_000274.jpg
beacon_000843.jpg,REMOVED,near_duplicate_of:beacon_000274.jpg
beacon_000844.jpg,REMOVED,near_duplicate_of:beacon_000274.jpg
beacon_000845.jpg,REMOVED,near_duplicate_of:beacon_000376.jpg
beacon_000846.jpg,REMOVED,near_duplicate_of:beacon_000465.jpg
beacon_000847.jpg,REMOVED,near_duplicate_of:beacon_000340.jpg
beacon_000848.jpg,REMOVED,near_duplicate_of:beacon_000588.jpg
beacon_000850.jpg,REMOVED,near_duplicate_of:beacon_000590.jpg
beacon_000856.jpg,REMOVED,near_duplicate_of:beacon_000472.jpg
beacon_000857.jpg,REMOVED,near_duplicate_of:beacon_000610.jpg
beacon_000858.jpg,REMOVED,near_duplicate_of:beacon_000613.jpg
beacon_000860.jpg,REMOVED,near_duplicate_of:beacon_000268.jpg
beacon_000863.jpg,REMOVED,near_duplicate_of:beacon_000754.jpg
beacon_000864.jpg,REMOVED,near_duplicate_of:beacon_000716.jpg
beacon_000865.jpg,REMOVED,near_duplicate_of:beacon_000506.jpg
beacon_000866.jpg,REMOVED,near_duplicate_of:beacon_000839.jpg
beacon_000867.jpg,REMOVED,near_duplicate_of:beacon_000529.jpg
beacon_000868.jpg,REMOVED,near_duplicate_of:beacon_000279.jpg
beacon_000869.jpg,REMOVED,near_duplicate_of:beacon_000274.jpg
beacon_000870.jpg,REMOVED,near_duplicate_of:beacon_000276.jpg
beacon_000871.jpg,REMOVED,near_duplicate_of:beacon_000276.jpg
beacon_000872.jpg,REMOVED,near_duplicate_of:beacon_000275.jpg
beacon_000873.jpg,REMOVED,near_duplicate_of:beacon_000275.jpg
beacon_000874.jpg,REMOVED,near_duplicate_of:beacon_000274.jpg
beacon_000875.jpg,REMOVED,near_duplicate_of:beacon_000274.jpg
beacon_000876.jpg,REMOVED,near_duplicate_of:beacon_000274.jpg
beacon_000877.jpg,REMOVED,near_duplicate_of:beacon_000274.jpg
beacon_000878.jpg,REMOVED,near_duplicate_of:beacon_000506.jpg
beacon_000880.jpg,REMOVED,near_duplicate_of:beacon_000593.jpg
beacon_000881.jpg,REMOVED,near_duplicate_of:beacon_000700.jpg
beacon_000882.jpg,REMOVED,near_duplicate_of:beacon_000701.jpg
beacon_000883.jpg,REMOVED,near_duplicate_of:beacon_000346.jpg
beacon_000894.jpg,REMOVED,near_duplicate_of:beacon_000234.jpg
beacon_000905.jpg,REMOVED,near_duplicate_of:beacon_000424.jpg
beacon_000907.jpg,REMOVED,near_duplicate_of:beacon_000607.jpg
beacon_000908.jpg,REMOVED,near_duplicate_of:beacon_000613.jpg
beacon_000909.jpg,REMOVED,near_duplicate_of:beacon_000609.jpg
beacon_000910.jpg,REMOVED,near_duplicate_of:beacon_000609.jpg
beacon_000911.jpg,REMOVED,near_duplicate_of:beacon_000609.jpg
beacon_000913.jpg,REMOVED,near_duplicate_of:beacon_000616.jpg
beacon_000917.jpg,REMOVED,near_duplicate_of:beacon_000227.jpg
beacon_000918.jpg,REMOVED,near_duplicate_of:beacon_000482.jpg
beacon_000922.jpg,REMOVED,near_duplicate_of:beacon_000599.jpg
beacon_000924.jpg,REMOVED,near_duplicate_of:beacon_000274.jpg
beacon_000925.jpg,REMOVED,near_duplicate_of:beacon_000274.jpg
beacon_000926.jpg,REMOVED,near_duplicate_of:beacon_000274.jpg
beacon_000927.jpg,REMOVED,near_duplicate_of:beacon_000274.jpg
beacon_000928.jpg,REMOVED,near_duplicate_of:beacon_000274.jpg
beacon_000929.jpg,REMOVED,near_duplicate_of:beacon_000274.jpg
beacon_000931.jpg,REMOVED,near_duplicate_of:beacon_000930.jpg
beacon_000938.jpg,REMOVED,near_duplicate_of:beacon_000670.jpg
beacon_000940.jpg,REMOVED,near_duplicate_of:beacon_000612.jpg
beacon_000941.jpg,REMOVED,near_duplicate_of:beacon_000613.jpg
beacon_000942.jpg,REMOVED,near_duplicate_of:beacon_000609.jpg
beacon_000943.jpg,REMOVED,near_duplicate_of:beacon_000610.jpg
beacon_000948.jpg,REMOVED,near_duplicate_of:beacon_000805.jpg
beacon_000951.jpg,REMOVED,near_duplicate_of:beacon_000417.jpg
beacon_000953.jpg,REMOVED,near_duplicate_of:beacon_000273.jpg
beacon_000954.jpg,REMOVED,near_duplicate_of:beacon_000274.jpg
beacon_000955.jpg,REMOVED,near_duplicate_of:beacon_000274.jpg
beacon_000956.jpg,REMOVED,near_duplicate_of:beacon_000274.jpg
beacon_000957.jpg,REMOVED,near_duplicate_of:beacon_000550.jpg
beacon_000961.jpg,REMOVED,near_duplicate_of:beacon_000662.jpg
beacon_000963.jpg,REMOVED,near_duplicate_of:beacon_000664.jpg
beacon_000965.jpg,REMOVED,near_duplicate_of:beacon_000763.jpg
beacon_000966.jpg,REMOVED,near_duplicate_of:beacon_000765.jpg
beacon_000977.jpg,REMOVED,near_duplicate_of:beacon_000707.jpg
beacon_000982.jpg,REMOVED,near_duplicate_of:beacon_000239.jpg
beacon_000987.jpg,REMOVED,near_duplicate_of:beacon_000952.jpg
beacon_000988.jpg,REMOVED,near_duplicate_of:beacon_000273.jpg
beacon_000989.jpg,REMOVED,near_duplicate_of:beacon_000274.jpg
beacon_000990.jpg,REMOVED,near_duplicate_of:beacon_000243.jpg
beacon_000991.jpg,REMOVED,near_duplicate_of:beacon_000274.jpg
beacon_000992.jpg,REMOVED,near_duplicate_of:beacon_000275.jpg
beacon_000993.jpg,REMOVED,near_duplicate_of:beacon_000274.jpg
beacon_000994.jpg,REMOVED,near_duplicate_of:beacon_000274.jpg
beacon_000995.jpg,REMOVED,near_duplicate_of:beacon_000275.jpg
beacon_000996.jpg,REMOVED,near_duplicate_of:beacon_000276.jpg
beacon_000997.jpg,REMOVED,near_duplicate_of:beacon_000276.jpg
beacon_000998.jpg,REMOVED,near_duplicate_of:beacon_000274.jpg
beacon_000999.jpg,REMOVED,near_duplicate_of:beacon_000315.jpg
beacon_001007.jpg,REMOVED,near_duplicate_of:beacon_000763.jpg
beacon_001019.jpg,REMOVED,near_duplicate_of:beacon_000279.jpg
beacon_001020.jpg,REMOVED,near_duplicate_of:beacon_000274.jpg
beacon_001021.jpg,REMOVED,near_duplicate_of:beacon_000274.jpg
beacon_001022.jpg,REMOVED,near_duplicate_of:beacon_000274.jpg
beacon_001028.jpg,REMOVED,near_duplicate_of:beacon_000664.jpg
beacon_001029.jpg,REMOVED,near_duplicate_of:beacon_000445.jpg
beacon_001030.jpg,REMOVED,near_duplicate_of:beacon_000763.jpg
beacon_001031.jpg,REMOVED,near_duplicate_of:beacon_000765.jpg
beacon_001032.jpg,REMOVED,near_duplicate_of:beacon_000766.jpg
beacon_001033.jpg,REMOVED,near_duplicate_of:beacon_000708.jpg
beacon_001036.jpg,REMOVED,near_duplicate_of:beacon_000971.jpg
beacon_001039.jpg,REMOVED,near_duplicate_of:beacon_000367.jpg
beacon_001040.jpg,REMOVED,near_duplicate_of:beacon_000368.jpg
beacon_001041.jpg,REMOVED,near_duplicate_of:beacon_000319.jpg
beacon_001045.jpg,REMOVED,near_duplicate_of:beacon_000302.jpg
beacon_001046.jpg,REMOVED,near_duplicate_of:beacon_000460.jpg
beacon_001047.jpg,REMOVED,near_duplicate_of:beacon_000274.jpg
beacon_001048.jpg,REMOVED,near_duplicate_of:beacon_000274.jpg
beacon_001049.jpg,REMOVED,near_duplicate_of:beacon_000274.jpg
beacon_001050.jpg,REMOVED,near_duplicate_of:beacon_000274.jpg
beacon_001051.jpg,REMOVED,near_duplicate_of:beacon_000274.jpg
beacon_001052.jpg,REMOVED,near_duplicate_of:beacon_000274.jpg
beacon_001053.jpg,REMOVED,near_duplicate_of:beacon_000274.jpg
beacon_001054.jpg,REMOVED,near_duplicate_of:beacon_001023.jpg
beacon_001055.jpg,REMOVED,near_duplicate_of:beacon_000335.jpg
beacon_001058.jpg,REMOVED,near_duplicate_of:beacon_000661.jpg
beacon_001059.jpg,REMOVED,near_duplicate_of:beacon_000662.jpg
beacon_001061.jpg,REMOVED,near_duplicate_of:beacon_000664.jpg
beacon_001064.jpg,REMOVED,near_duplicate_of:beacon_000765.jpg
beacon_001065.jpg,REMOVED,near_duplicate_of:beacon_000967.jpg
beacon_001070.jpg,REMOVED,near_duplicate_of:beacon_000610.jpg
beacon_001071.jpg,REMOVED,near_duplicate_of:beacon_000274.jpg
beacon_001072.jpg,REMOVED,near_duplicate_of:beacon_000612.jpg
beacon_001073.jpg,REMOVED,near_duplicate_of:beacon_000887.jpg
beacon_001075.jpg,REMOVED,near_duplicate_of:beacon_000493.jpg
beacon_001079.jpg,REMOVED,near_duplicate_of:beacon_000897.jpg
beacon_001084.jpg,REMOVED,near_duplicate_of:beacon_000273.jpg
beacon_001085.jpg,REMOVED,near_duplicate_of:beacon_000274.jpg
beacon_001086.jpg,REMOVED,near_duplicate_of:beacon_000274.jpg
beacon_001087.jpg,REMOVED,near_duplicate_of:beacon_000274.jpg
beacon_001088.jpg,REMOVED,near_duplicate_of:beacon_000276.jpg
beacon_001089.jpg,REMOVED,near_duplicate_of:beacon_000274.jpg
beacon_001090.jpg,REMOVED,near_duplicate_of:beacon_000276.jpg
beacon_001091.jpg,REMOVED,near_duplicate_of:beacon_000279.jpg
beacon_001092.jpg,REMOVED,near_duplicate_of:beacon_000550.jpg
beacon_001093.jpg,REMOVED,near_duplicate_of:beacon_000800.jpg
beacon_001094.jpg,REMOVED,near_duplicate_of:beacon_000302.jpg
beacon_001103.jpg,REMOVED,near_duplicate_of:beacon_000519.jpg
beacon_001106.jpg,REMOVED,near_duplicate_of:beacon_000714.jpg
beacon_001107.jpg,REMOVED,near_duplicate_of:beacon_000715.jpg
beacon_001108.jpg,REMOVED,near_duplicate_of:beacon_000753.jpg
beacon_001109.jpg,REMOVED,near_duplicate_of:beacon_000302.jpg
beacon_001110.jpg,REMOVED,near_duplicate_of:beacon_000335.jpg
beacon_001111.jpg,REMOVED,near_duplicate_of:beacon_000274.jpg
beacon_001112.jpg,REMOVED,near_duplicate_of:beacon_000274.jpg
beacon_001113.jpg,REMOVED,near_duplicate_of:beacon_000274.jpg
beacon_001114.jpg,REMOVED,near_duplicate_of:beacon_000274.jpg
beacon_001115.jpg,REMOVED,near_duplicate_of:beacon_000274.jpg
beacon_001116.jpg,REMOVED,near_duplicate_of:beacon_000276.jpg
beacon_001117.jpg,REMOVED,near_duplicate_of:beacon_000274.jpg
beacon_001118.jpg,REMOVED,near_duplicate_of:beacon_000279.jpg
beacon_001127.jpg,REMOVED,near_duplicate_of:beacon_000326.jpg
beacon_001128.jpg,REMOVED,near_duplicate_of:beacon_000763.jpg
beacon_001129.jpg,REMOVED,near_duplicate_of:beacon_001008.jpg
beacon_001130.jpg,REMOVED,near_duplicate_of:beacon_000765.jpg
beacon_001137.jpg,REMOVED,near_duplicate_of:beacon_000274.jpg
beacon_001138.jpg,REMOVED,near_duplicate_of:beacon_000673.jpg
beacon_001139.jpg,REMOVED,near_duplicate_of:beacon_000319.jpg
beacon_001141.jpg,REMOVED,near_duplicate_of:beacon_000302.jpg
beacon_001142.jpg,REMOVED,near_duplicate_of:beacon_000274.jpg
beacon_001143.jpg,REMOVED,near_duplicate_of:beacon_000274.jpg
beacon_001144.jpg,REMOVED,near_duplicate_of:beacon_000274.jpg
beacon_001145.jpg,REMOVED,near_duplicate_of:beacon_000466.jpg
beacon_001147.jpg,REMOVED,near_duplicate_of:beacon_000625.jpg
beacon_001149.jpg,REMOVED,near_duplicate_of:beacon_000242.jpg
beacon_001155.jpg,REMOVED,near_duplicate_of:beacon_000609.jpg
beacon_001156.jpg,REMOVED,near_duplicate_of:beacon_000609.jpg
beacon_001157.jpg,REMOVED,near_duplicate_of:beacon_000610.jpg
beacon_001158.jpg,REMOVED,near_duplicate_of:beacon_000383.jpg
beacon_001163.jpg,REMOVED,near_duplicate_of:beacon_001105.jpg
beacon_001165.jpg,REMOVED,near_duplicate_of:beacon_000754.jpg
beacon_001166.jpg,REMOVED,near_duplicate_of:beacon_000698.jpg
beacon_001167.jpg,REMOVED,near_duplicate_of:beacon_000302.jpg
beacon_001168.jpg,REMOVED,near_duplicate_of:beacon_000839.jpg
beacon_001169.jpg,REMOVED,near_duplicate_of:beacon_000274.jpg
beacon_001170.jpg,REMOVED,near_duplicate_of:beacon_000274.jpg
beacon_001171.jpg,REMOVED,near_duplicate_of:beacon_000274.jpg
beacon_001172.jpg,REMOVED,near_duplicate_of:beacon_000274.jpg
beacon_001173.jpg,REMOVED,near_duplicate_of:beacon_000275.jpg
beacon_001174.jpg,REMOVED,near_duplicate_of:beacon_000275.jpg
beacon_001175.jpg,REMOVED,near_duplicate_of:beacon_000275.jpg
beacon_001176.jpg,REMOVED,near_duplicate_of:beacon_000274.jpg
beacon_001177.jpg,REMOVED,near_duplicate_of:beacon_000274.jpg
beacon_001178.jpg,REMOVED,near_duplicate_of:beacon_000274.jpg
beacon_001179.jpg,REMOVED,near_duplicate_of:beacon_000274.jpg
beacon_001181.jpg,REMOVED,near_duplicate_of:beacon_001180.jpg
beacon_001182.jpg,REMOVED,near_duplicate_of:beacon_000274.jpg
beacon_001183.jpg,REMOVED,near_duplicate_of:beacon_000279.jpg
beacon_001184.jpg,REMOVED,near_duplicate_of:beacon_000550.jpg
beacon_001185.jpg,REMOVED,near_duplicate_of:beacon_000459.jpg
beacon_001190.jpg,REMOVED,near_duplicate_of:beacon_000962.jpg
beacon_001191.jpg,REMOVED,near_duplicate_of:beacon_000760.jpg
beacon_001192.jpg,REMOVED,near_duplicate_of:beacon_001006.jpg
beacon_001193.jpg,REMOVED,near_duplicate_of:beacon_001063.jpg
beacon_001194.jpg,REMOVED,near_duplicate_of:beacon_000765.jpg
beacon_001195.jpg,REMOVED,near_duplicate_of:beacon_000766.jpg
beacon_001196.jpg,REMOVED,near_duplicate_of:beacon_000968.jpg
beacon_001198.jpg,REMOVED,near_duplicate_of:beacon_000970.jpg
beacon_001199.jpg,REMOVED,near_duplicate_of:beacon_001098.jpg
beacon_001200.jpg,REMOVED,near_duplicate_of:beacon_000947.jpg
beacon_001201.jpg,REMOVED,near_duplicate_of:beacon_000414.jpg
beacon_001202.jpg,REMOVED,near_duplicate_of:beacon_000923.jpg
beacon_001203.jpg,REMOVED,near_duplicate_of:beacon_000274.jpg
beacon_001204.jpg,REMOVED,near_duplicate_of:beacon_000376.jpg
beacon_001205.jpg,REMOVED,near_duplicate_of:beacon_000376.jpg
beacon_001206.jpg,REMOVED,near_duplicate_of:beacon_000274.jpg
beacon_001207.jpg,REMOVED,near_duplicate_of:beacon_000274.jpg
beacon_001208.jpg,REMOVED,near_duplicate_of:beacon_000274.jpg
beacon_001209.jpg,REMOVED,near_duplicate_of:beacon_000274.jpg
beacon_001210.jpg,REMOVED,near_duplicate_of:beacon_000315.jpg
beacon_001213.jpg,REMOVED,near_duplicate_of:beacon_000800.jpg
beacon_001214.jpg,REMOVED,near_duplicate_of:beacon_001095.jpg
beacon_001215.jpg,REMOVED,near_duplicate_of:beacon_000455.jpg
beacon_001222.jpg,REMOVED,near_duplicate_of:beacon_001221.jpg
beacon_001225.jpg,REMOVED,near_duplicate_of:beacon_000367.jpg
beacon_001227.jpg,REMOVED,near_duplicate_of:beacon_001140.jpg
beacon_001229.jpg,REMOVED,near_duplicate_of:beacon_000274.jpg
beacon_001230.jpg,REMOVED,near_duplicate_of:beacon_000274.jpg
beacon_001231.jpg,REMOVED,near_duplicate_of:beacon_000274.jpg
beacon_001232.jpg,REMOVED,near_duplicate_of:beacon_000274.jpg
beacon_001233.jpg,REMOVED,near_duplicate_of:beacon_000274.jpg
beacon_001234.jpg,REMOVED,near_duplicate_of:beacon_000376.jpg
beacon_001235.jpg,REMOVED,near_duplicate_of:beacon_000379.jpg
beacon_001236.jpg,REMOVED,near_duplicate_of:beacon_000380.jpg
beacon_001237.jpg,REMOVED,near_duplicate_of:beacon_000952.jpg
beacon_001239.jpg,REMOVED,near_duplicate_of:beacon_000558.jpg
beacon_001247.jpg,REMOVED,near_duplicate_of:beacon_000274.jpg
beacon_001248.jpg,REMOVED,near_duplicate_of:beacon_000376.jpg
beacon_001249.jpg,REMOVED,near_duplicate_of:beacon_000376.jpg
beacon_001250.jpg,REMOVED,near_duplicate_of:beacon_000376.jpg
beacon_001251.jpg,REMOVED,near_duplicate_of:beacon_000376.jpg
beacon_001252.jpg,REMOVED,near_duplicate_of:beacon_000274.jpg
beacon_001253.jpg,REMOVED,near_duplicate_of:beacon_000588.jpg
beacon_001254.jpg,REMOVED,near_duplicate_of:beacon_000506.jpg
beacon_001260.jpg,REMOVED,near_duplicate_of:beacon_000367.jpg
beacon_001264.jpg,REMOVED,near_duplicate_of:beacon_000888.jpg
beacon_001266.jpg,REMOVED,near_duplicate_of:beacon_000760.jpg
beacon_001269.jpg,REMOVED,near_duplicate_of:beacon_000000.jpg
beacon_001270.jpg,REMOVED,near_duplicate_of:beacon_000001.jpg
beacon_001271.jpg,REMOVED,near_duplicate_of:beacon_000216.jpg
beacon_001272.jpg,REMOVED,near_duplicate_of:beacon_000029.jpg
beacon_001273.jpg,REMOVED,near_duplicate_of:beacon_000004.jpg
beacon_001274.jpg,REMOVED,near_duplicate_of:beacon_000007.jpg
beacon_001275.jpg,REMOVED,near_duplicate_of:beacon_000007.jpg
beacon_001276.jpg,REMOVED,near_duplicate_of:beacon_000821.jpg
beacon_001277.jpg,REMOVED,near_duplicate_of:beacon_000009.jpg
beacon_001278.jpg,REMOVED,near_duplicate_of:beacon_000036.jpg
beacon_001279.jpg,REMOVED,near_duplicate_of:beacon_000036.jpg
beacon_001280.jpg,REMOVED,near_duplicate_of:beacon_000038.jpg
beacon_001281.jpg,REMOVED,near_duplicate_of:beacon_000038.jpg
beacon_001283.jpg,REMOVED,near_duplicate_of:beacon_001282.jpg
beacon_001286.jpg,REMOVED,near_duplicate_of:beacon_001285.jpg
beacon_001296.jpg,REMOVED,near_duplicate_of:beacon_000274.jpg
beacon_001297.jpg,REMOVED,near_duplicate_of:beacon_000276.jpg
beacon_001298.jpg,REMOVED,near_duplicate_of:beacon_000275.jpg
beacon_001299.jpg,REMOVED,near_duplicate_of:beacon_000275.jpg
beacon_001300.jpg,REMOVED,near_duplicate_of:beacon_000276.jpg
beacon_001301.jpg,REMOVED,near_duplicate_of:beacon_000274.jpg
beacon_001302.jpg,REMOVED,near_duplicate_of:beacon_000279.jpg
beacon_001303.jpg,REMOVED,near_duplicate_of:beacon_000529.jpg
beacon_001304.jpg,REMOVED,near_duplicate_of:beacon_001023.jpg
beacon_001305.jpg,REMOVED,near_duplicate_of:beacon_001186.jpg
beacon_001306.jpg,REMOVED,near_duplicate_of:beacon_001187.jpg
beacon_001308.jpg,REMOVED,near_duplicate_of:beacon_000230.jpg
beacon_001309.jpg,REMOVED,near_duplicate_of:beacon_001004.jpg
beacon_001310.jpg,REMOVED,near_duplicate_of:beacon_001005.jpg
beacon_001313.jpg,REMOVED,near_duplicate_of:beacon_001008.jpg
beacon_001314.jpg,REMOVED,near_duplicate_of:beacon_000765.jpg
beacon_001320.jpg,REMOVED,near_duplicate_of:beacon_001221.jpg
beacon_001321.jpg,REMOVED,near_duplicate_of:beacon_000324.jpg
beacon_001327.jpg,REMOVED,near_duplicate_of:beacon_000000.jpg
beacon_001328.jpg,REMOVED,near_duplicate_of:beacon_000001.jpg
beacon_001329.jpg,REMOVED,near_duplicate_of:beacon_000002.jpg
beacon_001330.jpg,REMOVED,near_duplicate_of:beacon_000002.jpg
beacon_001331.jpg,REMOVED,near_duplicate_of:beacon_000004.jpg
beacon_001332.jpg,REMOVED,near_duplicate_of:beacon_000004.jpg
beacon_001333.jpg,REMOVED,near_duplicate_of:beacon_000006.jpg
beacon_001334.jpg,REMOVED,near_duplicate_of:beacon_000007.jpg
beacon_001335.jpg,REMOVED,near_duplicate_of:beacon_000008.jpg
beacon_001336.jpg,REMOVED,near_duplicate_of:beacon_000009.jpg
beacon_001337.jpg,REMOVED,near_duplicate_of:beacon_000036.jpg
beacon_001338.jpg,REMOVED,near_duplicate_of:beacon_000036.jpg
beacon_001342.jpg,REMOVED,near_duplicate_of:beacon_001341.jpg
beacon_001344.jpg,REMOVED,near_duplicate_of:beacon_001343.jpg
beacon_001345.jpg,REMOVED,near_duplicate_of:beacon_001186.jpg
beacon_001347.jpg,REMOVED,near_duplicate_of:beacon_000335.jpg
beacon_001348.jpg,REMOVED,near_duplicate_of:beacon_000274.jpg
beacon_001349.jpg,REMOVED,near_duplicate_of:beacon_000274.jpg
beacon_001350.jpg,REMOVED,near_duplicate_of:beacon_000275.jpg
beacon_001351.jpg,REMOVED,near_duplicate_of:beacon_000276.jpg
beacon_001352.jpg,REMOVED,near_duplicate_of:beacon_000276.jpg
beacon_001353.jpg,REMOVED,near_duplicate_of:beacon_000276.jpg
beacon_001354.jpg,REMOVED,near_duplicate_of:beacon_000274.jpg
beacon_001355.jpg,REMOVED,near_duplicate_of:beacon_000655.jpg
beacon_001363.jpg,REMOVED,near_duplicate_of:beacon_000673.jpg
beacon_001365.jpg,REMOVED,near_duplicate_of:beacon_000565.jpg
beacon_001368.jpg,REMOVED,exact_duplicate_of:beacon_000160.jpg
beacon_001369.jpg,REMOVED,exact_duplicate_of:beacon_000161.jpg
beacon_001370.jpg,REMOVED,exact_duplicate_of:beacon_000162.jpg
beacon_001371.jpg,REMOVED,exact_duplicate_of:beacon_000163.jpg
beacon_001372.jpg,REMOVED,exact_duplicate_of:beacon_000164.jpg
beacon_001373.jpg,REMOVED,exact_duplicate_of:beacon_000165.jpg
beacon_001374.jpg,REMOVED,exact_duplicate_of:beacon_000166.jpg
beacon_001375.jpg,REMOVED,exact_duplicate_of:beacon_000167.jpg
beacon_001376.jpg,REMOVED,exact_duplicate_of:beacon_000168.jpg
beacon_001377.jpg,REMOVED,exact_duplicate_of:beacon_000169.jpg
beacon_001378.jpg,REMOVED,exact_duplicate_of:beacon_000170.jpg
beacon_001379.jpg,REMOVED,exact_duplicate_of:beacon_000171.jpg
beacon_001380.jpg,REMOVED,exact_duplicate_of:beacon_000172.jpg
beacon_001381.jpg,REMOVED,exact_duplicate_of:beacon_000173.jpg
beacon_001382.jpg,REMOVED,exact_duplicate_of:beacon_000174.jpg
beacon_001383.jpg,REMOVED,exact_duplicate_of:beacon_000175.jpg
beacon_001384.jpg,REMOVED,exact_duplicate_of:beacon_000176.jpg
beacon_001385.jpg,REMOVED,exact_duplicate_of:beacon_000177.jpg
beacon_001386.jpg,REMOVED,exact_duplicate_of:beacon_000178.jpg
beacon_001387.jpg,REMOVED,exact_duplicate_of:beacon_000179.jpg
beacon_001388.jpg,REMOVED,exact_duplicate_of:beacon_000160.jpg
beacon_001389.jpg,REMOVED,exact_duplicate_of:beacon_000161.jpg
beacon_001390.jpg,REMOVED,exact_duplicate_of:beacon_000162.jpg
beacon_001391.jpg,REMOVED,exact_duplicate_of:beacon_000163.jpg
beacon_001392.jpg,REMOVED,exact_duplicate_of:beacon_000164.jpg
beacon_001393.jpg,REMOVED,exact_duplicate_of:beacon_000165.jpg
beacon_001394.jpg,REMOVED,exact_duplicate_of:beacon_000166.jpg
beacon_001395.jpg,REMOVED,exact_duplicate_of:beacon_000167.jpg
beacon_001396.jpg,REMOVED,exact_duplicate_of:beacon_000168.jpg
beacon_001397.jpg,REMOVED,exact_duplicate_of:beacon_000169.jpg
beacon_001398.jpg,REMOVED,exact_duplicate_of:beacon_000170.jpg
beacon_001399.jpg,REMOVED,exact_duplicate_of:beacon_000171.jpg
beacon_001400.jpg,REMOVED,exact_duplicate_of:beacon_000172.jpg
beacon_001401.jpg,REMOVED,exact_duplicate_of:beacon_000173.jpg
beacon_001402.jpg,REMOVED,exact_duplicate_of:beacon_000174.jpg
beacon_001403.jpg,REMOVED,exact_duplicate_of:beacon_000175.jpg
beacon_001404.jpg,REMOVED,exact_duplicate_of:beacon_000176.jpg
beacon_001405.jpg,REMOVED,exact_duplicate_of:beacon_000177.jpg
beacon_001406.jpg,REMOVED,exact_duplicate_of:beacon_000178.jpg
beacon_001407.jpg,REMOVED,exact_duplicate_of:beacon_000179.jpg
beacon_001408.jpg,REMOVED,exact_duplicate_of:beacon_000160.jpg
beacon_001409.jpg,REMOVED,exact_duplicate_of:beacon_000161.jpg
beacon_001410.jpg,REMOVED,exact_duplicate_of:beacon_000162.jpg
beacon_001411.jpg,REMOVED,exact_duplicate_of:beacon_000163.jpg
beacon_001412.jpg,REMOVED,exact_duplicate_of:beacon_000164.jpg
beacon_001413.jpg,REMOVED,exact_duplicate_of:beacon_000165.jpg
beacon_001414.jpg,REMOVED,exact_duplicate_of:beacon_000166.jpg
beacon_001415.jpg,REMOVED,exact_duplicate_of:beacon_000167.jpg
beacon_001416.jpg,REMOVED,exact_duplicate_of:beacon_000168.jpg
beacon_001417.jpg,REMOVED,exact_duplicate_of:beacon_000169.jpg
beacon_001418.jpg,REMOVED,exact_duplicate_of:beacon_000170.jpg
beacon_001419.jpg,REMOVED,exact_duplicate_of:beacon_000171.jpg
beacon_001420.jpg,REMOVED,exact_duplicate_of:beacon_000172.jpg
beacon_001421.jpg,REMOVED,exact_duplicate_of:beacon_000173.jpg
beacon_001422.jpg,REMOVED,exact_duplicate_of:beacon_000174.jpg
beacon_001423.jpg,REMOVED,exact_duplicate_of:beacon_000175.jpg
beacon_001424.jpg,REMOVED,exact_duplicate_of:beacon_000176.jpg
beacon_001425.jpg,REMOVED,exact_duplicate_of:beacon_000177.jpg
beacon_001426.jpg,REMOVED,exact_duplicate_of:beacon_000178.jpg
beacon_001427.jpg,REMOVED,exact_duplicate_of:beacon_000179.jpg
beacon_001428.jpg,REMOVED,exact_duplicate_of:beacon_000160.jpg
beacon_001429.jpg,REMOVED,exact_duplicate_of:beacon_000161.jpg
beacon_001430.jpg,REMOVED,exact_duplicate_of:beacon_000162.jpg
beacon_001431.jpg,REMOVED,exact_duplicate_of:beacon_000163.jpg
beacon_001432.jpg,REMOVED,exact_duplicate_of:beacon_000164.jpg
beacon_001433.jpg,REMOVED,exact_duplicate_of:beacon_000165.jpg
beacon_001434.jpg,REMOVED,exact_duplicate_of:beacon_000166.jpg
beacon_001436.jpg,REMOVED,near_duplicate_of:beacon_001435.jpg
beacon_001437.jpg,REMOVED,near_duplicate_of:beacon_001435.jpg
beacon_001438.jpg,REMOVED,near_duplicate_of:beacon_001435.jpg
beacon_001439.jpg,REMOVED,near_duplicate_of:beacon_001435.jpg
beacon_001440.jpg,REMOVED,near_duplicate_of:beacon_001435.jpg
beacon_001441.jpg,REMOVED,near_duplicate_of:beacon_001435.jpg
beacon_001442.jpg,REMOVED,near_duplicate_of:beacon_001435.jpg
beacon_001444.jpg,REMOVED,near_duplicate_of:beacon_001443.jpg
beacon_001445.jpg,REMOVED,near_duplicate_of:beacon_001443.jpg
beacon_001447.jpg,REMOVED,near_duplicate_of:beacon_001446.jpg
beacon_001448.jpg,REMOVED,near_duplicate_of:beacon_001446.jpg
beacon_001449.jpg,REMOVED,near_duplicate_of:beacon_001446.jpg
beacon_001451.jpg,REMOVED,near_duplicate_of:beacon_001450.jpg
beacon_001452.jpg,REMOVED,near_duplicate_of:beacon_001450.jpg
beacon_001453.jpg,REMOVED,near_duplicate_of:beacon_001450.jpg
beacon_001455.jpg,REMOVED,near_duplicate_of:beacon_001454.jpg
beacon_001456.jpg,REMOVED,near_duplicate_of:beacon_001454.jpg
beacon_001458.jpg,REMOVED,near_duplicate_of:beacon_001457.jpg
beacon_001460.jpg,REMOVED,near_duplicate_of:beacon_001457.jpg
beacon_001461.jpg,REMOVED,near_duplicate_of:beacon_001459.jpg
beacon_001462.jpg,REMOVED,near_duplicate_of:beacon_001457.jpg
beacon_001463.jpg,REMOVED,near_duplicate_of:beacon_001457.jpg
beacon_001464.jpg,REMOVED,near_duplicate_of:beacon_001454.jpg
beacon_001465.jpg,REMOVED,near_duplicate_of:beacon_001454.jpg
beacon_001466.jpg,REMOVED,near_duplicate_of:beacon_001454.jpg
beacon_001468.jpg,REMOVED,near_duplicate_of:beacon_001467.jpg
beacon_001469.jpg,REMOVED,near_duplicate_of:beacon_001467.jpg
beacon_001471.jpg,REMOVED,near_duplicate_of:beacon_001470.jpg
beacon_001473.jpg,REMOVED,near_duplicate_of:beacon_001472.jpg
beacon_001475.jpg,REMOVED,near_duplicate_of:beacon_001474.jpg
beacon_001477.jpg,REMOVED,near_duplicate_of:beacon_001476.jpg
beacon_001478.jpg,REMOVED,near_duplicate_of:beacon_001476.jpg
beacon_001479.jpg,REMOVED,near_duplicate_of:beacon_001476.jpg
beacon_001481.jpg,REMOVED,near_duplicate_of:beacon_001480.jpg
beacon_001483.jpg,REMOVED,near_duplicate_of:beacon_001482.jpg
beacon_001485.jpg,REMOVED,near_duplicate_of:beacon_001484.jpg
beacon_001486.jpg,REMOVED,near_duplicate_of:beacon_001484.jpg
beacon_001488.jpg,REMOVED,near_duplicate_of:beacon_001487.jpg
beacon_001490.jpg,REMOVED,near_duplicate_of:beacon_001489.jpg
beacon_001491.jpg,REMOVED,near_duplicate_of:beacon_001489.jpg
beacon_001492.jpg,REMOVED,near_duplicate_of:beacon_001489.jpg
beacon_001493.jpg,REMOVED,near_duplicate_of:beacon_001489.jpg
beacon_001495.jpg,REMOVED,near_duplicate_of:beacon_001494.jpg
beacon_001496.jpg,REMOVED,near_duplicate_of:beacon_001494.jpg
beacon_001498.jpg,REMOVED,near_duplicate_of:beacon_001497.jpg
beacon_001499.jpg,REMOVED,near_duplicate_of:beacon_001497.jpg
beacon_001501.jpg,REMOVED,near_duplicate_of:beacon_001500.jpg
beacon_001502.jpg,REMOVED,near_duplicate_of:beacon_001500.jpg
beacon_001503.jpg,REMOVED,near_duplicate_of:beacon_001500.jpg
beacon_001504.jpg,REMOVED,near_duplicate_of:beacon_001500.jpg
beacon_001506.jpg,REMOVED,near_duplicate_of:beacon_001505.jpg
beacon_001507.jpg,REMOVED,near_duplicate_of:beacon_001505.jpg
beacon_001509.jpg,REMOVED,near_duplicate_of:beacon_001508.jpg
beacon_001510.jpg,REMOVED,near_duplicate_of:beacon_001508.jpg
beacon_001511.jpg,REMOVED,near_duplicate_of:beacon_001508.jpg
beacon_001513.jpg,REMOVED,near_duplicate_of:beacon_000000.jpg
beacon_001514.jpg,REMOVED,near_duplicate_of:beacon_000001.jpg
beacon_001515.jpg,REMOVED,near_duplicate_of:beacon_000002.jpg
beacon_001516.jpg,REMOVED,near_duplicate_of:beacon_000029.jpg
beacon_001517.jpg,REMOVED,near_duplicate_of:beacon_000004.jpg
beacon_001518.jpg,REMOVED,near_duplicate_of:beacon_000004.jpg
beacon_001519.jpg,REMOVED,near_duplicate_of:beacon_000006.jpg
beacon_001520.jpg,REMOVED,near_duplicate_of:beacon_000007.jpg
beacon_001521.jpg,REMOVED,near_duplicate_of:beacon_000008.jpg
beacon_001522.jpg,REMOVED,near_duplicate_of:beacon_000009.jpg
beacon_001523.jpg,REMOVED,near_duplicate_of:beacon_000036.jpg
beacon_001524.jpg,REMOVED,near_duplicate_of:beacon_000036.jpg
beacon_001525.jpg,REMOVED,near_duplicate_of:beacon_000212.jpg
beacon_001527.jpg,REMOVED,near_duplicate_of:beacon_000228.jpg
beacon_001531.jpg,REMOVED,near_duplicate_of:beacon_000239.jpg
beacon_001532.jpg,REMOVED,near_duplicate_of:beacon_000236.jpg
beacon_001533.jpg,REMOVED,near_duplicate_of:beacon_000236.jpg
beacon_001534.jpg,REMOVED,near_duplicate_of:beacon_000268.jpg
beacon_001540.jpg,REMOVED,near_duplicate_of:beacon_001539.jpg
beacon_001541.jpg,REMOVED,near_duplicate_of:beacon_000959.jpg
beacon_001542.jpg,REMOVED,near_duplicate_of:beacon_001188.jpg
beacon_001543.jpg,REMOVED,near_duplicate_of:beacon_001003.jpg
beacon_001546.jpg,REMOVED,near_duplicate_of:beacon_001160.jpg
beacon_001548.jpg,REMOVED,near_duplicate_of:beacon_001547.jpg
beacon_001551.jpg,REMOVED,near_duplicate_of:beacon_000234.jpg
beacon_001554.jpg,REMOVED,near_duplicate_of:beacon_001553.jpg
beacon_001557.jpg,REMOVED,near_duplicate_of:beacon_000366.jpg
beacon_001558.jpg,REMOVED,near_duplicate_of:beacon_000368.jpg
beacon_001559.jpg,REMOVED,near_duplicate_of:beacon_001042.jpg
beacon_001561.jpg,REMOVED,near_duplicate_of:beacon_001256.jpg
beacon_001565.jpg,REMOVED,near_duplicate_of:beacon_001246.jpg
beacon_001566.jpg,REMOVED,near_duplicate_of:beacon_000274.jpg
beacon_001567.jpg,REMOVED,near_duplicate_of:beacon_000274.jpg
beacon_001568.jpg,REMOVED,near_duplicate_of:beacon_000376.jpg
beacon_001569.jpg,REMOVED,near_duplicate_of:beacon_000376.jpg
beacon_001570.jpg,REMOVED,near_duplicate_of:beacon_000274.jpg
beacon_001571.jpg,REMOVED,near_duplicate_of:beacon_000376.jpg
beacon_001572.jpg,REMOVED,near_duplicate_of:beacon_000275.jpg
beacon_001577.jpg,REMOVED,near_duplicate_of:beacon_000706.jpg
beacon_001578.jpg,REMOVED,near_duplicate_of:beacon_001221.jpg
beacon_001580.jpg,REMOVED,near_duplicate_of:beacon_000709.jpg
beacon_001582.jpg,REMOVED,near_duplicate_of:beacon_000235.jpg
beacon_001588.jpg,REMOVED,near_duplicate_of:beacon_001105.jpg
beacon_001589.jpg,REMOVED,near_duplicate_of:beacon_000895.jpg
beacon_001590.jpg,REMOVED,near_duplicate_of:beacon_000759.jpg
beacon_001594.jpg,REMOVED,near_duplicate_of:beacon_001099.jpg
beacon_001597.jpg,REMOVED,near_duplicate_of:beacon_000972.jpg
beacon_001600.jpg,REMOVED,near_duplicate_of:beacon_001240.jpg
beacon_001603.jpg,REMOVED,near_duplicate_of:beacon_001602.jpg
beacon_001612.jpg,REMOVED,near_duplicate_of:beacon_000892.jpg
beacon_001614.jpg,REMOVED,near_duplicate_of:beacon_000763.jpg
beacon_001616.jpg,REMOVED,near_duplicate_of:beacon_000326.jpg
beacon_001620.jpg,REMOVED,near_duplicate_of:beacon_000435.jpg
beacon_001621.jpg,REMOVED,near_duplicate_of:beacon_000276.jpg
beacon_001622.jpg,REMOVED,near_duplicate_of:beacon_000276.jpg
beacon_001623.jpg,REMOVED,near_duplicate_of:beacon_000276.jpg
beacon_001624.jpg,REMOVED,near_duplicate_of:beacon_000274.jpg
beacon_001625.jpg,REMOVED,near_duplicate_of:beacon_000274.jpg
beacon_001626.jpg,REMOVED,near_duplicate_of:beacon_000274.jpg
beacon_001627.jpg,REMOVED,near_duplicate_of:beacon_000273.jpg
beacon_001628.jpg,REMOVED,near_duplicate_of:beacon_001564.jpg
beacon_001633.jpg,REMOVED,near_duplicate_of:beacon_000380.jpg
beacon_001640.jpg,REMOVED,near_duplicate_of:beacon_000547.jpg
beacon_001641.jpg,REMOVED,near_duplicate_of:beacon_000302.jpg
beacon_001642.jpg,REMOVED,near_duplicate_of:beacon_000302.jpg
beacon_001643.jpg,REMOVED,near_duplicate_of:beacon_000274.jpg
beacon_001647.jpg,REMOVED,near_duplicate_of:beacon_000274.jpg
beacon_001648.jpg,REMOVED,near_duplicate_of:beacon_000274.jpg
beacon_001649.jpg,REMOVED,near_duplicate_of:beacon_000274.jpg
beacon_001650.jpg,REMOVED,near_duplicate_of:beacon_000274.jpg
beacon_001651.jpg,REMOVED,near_duplicate_of:beacon_000274.jpg
beacon_001652.jpg,REMOVED,near_duplicate_of:beacon_000276.jpg
beacon_001653.jpg,REMOVED,near_duplicate_of:beacon_000274.jpg
beacon_001654.jpg,REMOVED,near_duplicate_of:beacon_000302.jpg
beacon_001656.jpg,REMOVED,near_duplicate_of:beacon_000800.jpg
beacon_001659.jpg,REMOVED,near_duplicate_of:beacon_000282.jpg
beacon_001660.jpg,REMOVED,near_duplicate_of:beacon_000335.jpg
beacon_001662.jpg,REMOVED,near_duplicate_of:beacon_000243.jpg
beacon_001663.jpg,REMOVED,near_duplicate_of:beacon_000274.jpg
beacon_001664.jpg,REMOVED,near_duplicate_of:beacon_001661.jpg
beacon_001665.jpg,REMOVED,near_duplicate_of:beacon_000550.jpg
beacon_001666.jpg,REMOVED,near_duplicate_of:beacon_000274.jpg
beacon_001667.jpg,REMOVED,near_duplicate_of:beacon_000274.jpg
beacon_001668.jpg,REMOVED,near_duplicate_of:beacon_000274.jpg
beacon_001669.jpg,REMOVED,near_duplicate_of:beacon_000274.jpg
beacon_001670.jpg,REMOVED,near_duplicate_of:beacon_000274.jpg
beacon_001671.jpg,REMOVED,near_duplicate_of:beacon_000274.jpg
beacon_001672.jpg,REMOVED,near_duplicate_of:beacon_000243.jpg
beacon_001673.jpg,REMOVED,near_duplicate_of:beacon_000275.jpg
beacon_001674.jpg,REMOVED,near_duplicate_of:beacon_000274.jpg
beacon_001675.jpg,REMOVED,near_duplicate_of:beacon_000276.jpg
beacon_001681.jpg,REMOVED,near_duplicate_of:beacon_001680.jpg
beacon_001686.jpg,REMOVED,near_duplicate_of:beacon_001684.jpg
beacon_001691.jpg,REMOVED,near_duplicate_of:beacon_001680.jpg
beacon_001693.jpg,REMOVED,near_duplicate_of:beacon_001692.jpg
beacon_001701.jpg,REMOVED,near_duplicate_of:beacon_001695.jpg
beacon_001709.jpg,REMOVED,near_duplicate_of:beacon_001708.jpg
beacon_001714.jpg,REMOVED,near_duplicate_of:beacon_001711.jpg
beacon_001725.jpg,REMOVED,near_duplicate_of:beacon_001724.jpg
beacon_001726.jpg,REMOVED,near_duplicate_of:beacon_001724.jpg
beacon_001727.jpg,REMOVED,near_duplicate_of:beacon_001724.jpg
beacon_001728.jpg,REMOVED,near_duplicate_of:beacon_001724.jpg
beacon_001730.jpg,REMOVED,near_duplicate_of:beacon_001729.jpg
beacon_001731.jpg,REMOVED,near_duplicate_of:beacon_001729.jpg
beacon_001732.jpg,REMOVED,near_duplicate_of:beacon_001729.jpg
beacon_001733.jpg,REMOVED,near_duplicate_of:beacon_001729.jpg
beacon_001734.jpg,REMOVED,near_duplicate_of:beacon_001729.jpg
beacon_001735.jpg,REMOVED,near_duplicate_of:beacon_001729.jpg
beacon_001742.jpg,REMOVED,near_duplicate_of:beacon_001740.jpg
beacon_001743.jpg,REMOVED,near_duplicate_of:beacon_001707.jpg
beacon_001744.jpg,REMOVED,near_duplicate_of:beacon_001695.jpg
beacon_001757.jpg,REMOVED,near_duplicate_of:beacon_001756.jpg
beacon_001761.jpg,REMOVED,near_duplicate_of:beacon_001760.jpg
beacon_001763.jpg,REMOVED,near_duplicate_of:beacon_001762.jpg
beacon_001767.jpg,REMOVED,near_duplicate_of:beacon_001766.jpg
beacon_001768.jpg,REMOVED,near_duplicate_of:beacon_001766.jpg
beacon_001770.jpg,REMOVED,near_duplicate_of:beacon_001766.jpg
beacon_001779.jpg,REMOVED,near_duplicate_of:beacon_001679.jpg
beacon_000000.jpg,KEPT,train
beacon_000001.jpg,KEPT,train
beacon_000002.jpg,KEPT,train
beacon_000004.jpg,KEPT,train
beacon_000006.jpg,KEPT,train
beacon_000007.jpg,KEPT,train
beacon_000008.jpg,KEPT,train
beacon_000009.jpg,KEPT,train
beacon_000010.jpg,KEPT,train
beacon_000013.jpg,KEPT,train
beacon_000014.jpg,KEPT,train
beacon_000016.jpg,KEPT,train
beacon_000017.jpg,KEPT,train
beacon_000019.jpg,KEPT,train
beacon_000020.jpg,KEPT,train
beacon_000021.jpg,KEPT,train
beacon_000022.jpg,KEPT,train
beacon_000023.jpg,KEPT,train
beacon_000024.jpg,KEPT,train
beacon_000025.jpg,KEPT,train
beacon_000029.jpg,KEPT,train
beacon_000036.jpg,KEPT,train
beacon_000038.jpg,KEPT,train
beacon_000040.jpg,KEPT,train
beacon_000041.jpg,KEPT,train
beacon_000043.jpg,KEPT,train
beacon_000045.jpg,KEPT,train
beacon_000047.jpg,KEPT,train
beacon_000049.jpg,KEPT,train
beacon_000050.jpg,KEPT,train
beacon_000051.jpg,KEPT,train
beacon_000052.jpg,KEPT,train
beacon_000053.jpg,KEPT,train
beacon_000054.jpg,KEPT,train
beacon_000055.jpg,KEPT,train
beacon_000056.jpg,KEPT,train
beacon_000060.jpg,KEPT,train
beacon_000061.jpg,KEPT,train
beacon_000062.jpg,KEPT,train
beacon_000063.jpg,KEPT,train
beacon_000064.jpg,KEPT,train
beacon_000065.jpg,KEPT,train
beacon_000067.jpg,KEPT,train
beacon_000068.jpg,KEPT,train
beacon_000069.jpg,KEPT,train
beacon_000071.jpg,KEPT,train
beacon_000072.jpg,KEPT,train
beacon_000075.jpg,KEPT,train
beacon_000077.jpg,KEPT,train
beacon_000086.jpg,KEPT,train
beacon_000093.jpg,KEPT,train
beacon_000102.jpg,KEPT,train
beacon_000106.jpg,KEPT,train
beacon_000107.jpg,KEPT,train
beacon_000108.jpg,KEPT,train
beacon_000130.jpg,KEPT,train
beacon_000131.jpg,KEPT,train
beacon_000140.jpg,KEPT,train
beacon_000147.jpg,KEPT,train
beacon_000150.jpg,KEPT,train
beacon_000151.jpg,KEPT,train
beacon_000152.jpg,KEPT,train
beacon_000153.jpg,KEPT,train
beacon_000154.jpg,KEPT,train
beacon_000155.jpg,KEPT,train
beacon_000157.jpg,KEPT,train
beacon_000159.jpg,KEPT,train
beacon_000160.jpg,KEPT,train
beacon_000161.jpg,KEPT,train
beacon_000162.jpg,KEPT,train
beacon_000163.jpg,KEPT,train
beacon_000164.jpg,KEPT,train
beacon_000165.jpg,KEPT,train
beacon_000166.jpg,KEPT,train
beacon_000167.jpg,KEPT,train
beacon_000168.jpg,KEPT,train
beacon_000169.jpg,KEPT,train
beacon_000170.jpg,KEPT,train
beacon_000171.jpg,KEPT,train
beacon_000172.jpg,KEPT,train
beacon_000173.jpg,KEPT,train
beacon_000174.jpg,KEPT,train
beacon_000175.jpg,KEPT,train
beacon_000176.jpg,KEPT,train
beacon_000177.jpg,KEPT,train
beacon_000178.jpg,KEPT,train
beacon_000179.jpg,KEPT,train
beacon_000209.jpg,KEPT,train
beacon_000212.jpg,KEPT,train
beacon_000213.jpg,KEPT,train
beacon_000216.jpg,KEPT,train
beacon_000219.jpg,KEPT,train
beacon_000224.jpg,KEPT,train
beacon_000226.jpg,KEPT,train
beacon_000227.jpg,KEPT,train
beacon_000228.jpg,KEPT,train
beacon_000229.jpg,KEPT,train
beacon_000230.jpg,KEPT,train
beacon_000231.jpg,KEPT,train
beacon_000232.jpg,KEPT,train
beacon_000233.jpg,KEPT,train
beacon_000234.jpg,KEPT,train
beacon_000235.jpg,KEPT,train
beacon_000236.jpg,KEPT,train
beacon_000239.jpg,KEPT,train
beacon_000240.jpg,KEPT,train
beacon_000241.jpg,KEPT,train
beacon_000242.jpg,KEPT,train
beacon_000243.jpg,KEPT,train
beacon_000256.jpg,KEPT,train
beacon_000258.jpg,KEPT,train
beacon_000260.jpg,KEPT,train
beacon_000261.jpg,KEPT,train
beacon_000263.jpg,KEPT,train
beacon_000264.jpg,KEPT,train
beacon_000265.jpg,KEPT,train
beacon_000266.jpg,KEPT,train
beacon_000267.jpg,KEPT,train
beacon_000268.jpg,KEPT,train
beacon_000269.jpg,KEPT,train
beacon_000317.jpg,KEPT,train
beacon_000318.jpg,KEPT,train
beacon_000319.jpg,KEPT,train
beacon_000320.jpg,KEPT,train
beacon_000321.jpg,KEPT,train
beacon_000322.jpg,KEPT,train
beacon_000323.jpg,KEPT,train
beacon_000324.jpg,KEPT,train
beacon_000325.jpg,KEPT,train
beacon_000326.jpg,KEPT,train
beacon_000327.jpg,KEPT,train
beacon_000328.jpg,KEPT,train
beacon_000329.jpg,KEPT,train
beacon_000330.jpg,KEPT,train
beacon_000331.jpg,KEPT,train
beacon_000332.jpg,KEPT,train
beacon_000333.jpg,KEPT,train
beacon_000334.jpg,KEPT,train
beacon_000335.jpg,KEPT,train
beacon_000339.jpg,KEPT,train
beacon_000340.jpg,KEPT,train
beacon_000341.jpg,KEPT,train
beacon_000342.jpg,KEPT,train
beacon_000343.jpg,KEPT,train
beacon_000344.jpg,KEPT,train
beacon_000345.jpg,KEPT,train
beacon_000346.jpg,KEPT,train
beacon_000348.jpg,KEPT,train
beacon_000349.jpg,KEPT,train
beacon_000350.jpg,KEPT,train
beacon_000351.jpg,KEPT,train
beacon_000352.jpg,KEPT,train
beacon_000353.jpg,KEPT,train
beacon_000354.jpg,KEPT,train
beacon_000355.jpg,KEPT,train
beacon_000356.jpg,KEPT,train
beacon_000357.jpg,KEPT,train
beacon_000358.jpg,KEPT,train
beacon_000359.jpg,KEPT,train
beacon_000360.jpg,KEPT,train
beacon_000361.jpg,KEPT,train
beacon_000362.jpg,KEPT,train
beacon_000363.jpg,KEPT,train
beacon_000364.jpg,KEPT,train
beacon_000365.jpg,KEPT,train
beacon_000366.jpg,KEPT,train
beacon_000367.jpg,KEPT,train
beacon_000368.jpg,KEPT,train
beacon_000370.jpg,KEPT,train
beacon_000371.jpg,KEPT,train
beacon_000372.jpg,KEPT,train
beacon_000376.jpg,KEPT,train
beacon_000377.jpg,KEPT,train
beacon_000379.jpg,KEPT,train
beacon_000380.jpg,KEPT,train
beacon_000381.jpg,KEPT,train
beacon_000382.jpg,KEPT,train
beacon_000383.jpg,KEPT,train
beacon_000384.jpg,KEPT,train
beacon_000385.jpg,KEPT,train
beacon_000386.jpg,KEPT,train
beacon_000387.jpg,KEPT,train
beacon_000388.jpg,KEPT,train
beacon_000389.jpg,KEPT,train
beacon_000390.jpg,KEPT,train
beacon_000391.jpg,KEPT,train
beacon_000392.jpg,KEPT,train
beacon_000393.jpg,KEPT,train
beacon_000401.jpg,KEPT,train
beacon_000402.jpg,KEPT,train
beacon_000403.jpg,KEPT,train
beacon_000404.jpg,KEPT,train
beacon_000405.jpg,KEPT,train
beacon_000406.jpg,KEPT,train
beacon_000407.jpg,KEPT,train
beacon_000408.jpg,KEPT,train
beacon_000410.jpg,KEPT,train
beacon_000411.jpg,KEPT,train
beacon_000412.jpg,KEPT,train
beacon_000413.jpg,KEPT,train
beacon_000414.jpg,KEPT,train
beacon_000415.jpg,KEPT,train
beacon_000417.jpg,KEPT,train
beacon_000422.jpg,KEPT,train
beacon_000423.jpg,KEPT,train
beacon_000424.jpg,KEPT,train
beacon_000425.jpg,KEPT,train
beacon_000426.jpg,KEPT,train
beacon_000427.jpg,KEPT,train
beacon_000429.jpg,KEPT,train
beacon_000431.jpg,KEPT,train
beacon_000432.jpg,KEPT,train
beacon_000433.jpg,KEPT,train
beacon_000434.jpg,KEPT,train
beacon_000435.jpg,KEPT,train
beacon_000436.jpg,KEPT,train
beacon_000437.jpg,KEPT,train
beacon_000438.jpg,KEPT,train
beacon_000439.jpg,KEPT,train
beacon_000440.jpg,KEPT,train
beacon_000441.jpg,KEPT,train
beacon_000443.jpg,KEPT,train
beacon_000444.jpg,KEPT,train
beacon_000445.jpg,KEPT,train
beacon_000447.jpg,KEPT,train
beacon_000448.jpg,KEPT,train
beacon_000449.jpg,KEPT,train
beacon_000450.jpg,KEPT,train
beacon_000451.jpg,KEPT,train
beacon_000452.jpg,KEPT,train
beacon_000453.jpg,KEPT,train
beacon_000454.jpg,KEPT,train
beacon_000455.jpg,KEPT,train
beacon_000456.jpg,KEPT,train
beacon_000458.jpg,KEPT,train
beacon_000459.jpg,KEPT,train
beacon_000460.jpg,KEPT,train
beacon_000465.jpg,KEPT,train
beacon_000466.jpg,KEPT,train
beacon_000468.jpg,KEPT,train
beacon_000517.jpg,KEPT,train
beacon_000518.jpg,KEPT,train
beacon_000519.jpg,KEPT,train
beacon_000520.jpg,KEPT,train
beacon_000521.jpg,KEPT,train
beacon_000522.jpg,KEPT,train
beacon_000523.jpg,KEPT,train
beacon_000524.jpg,KEPT,train
beacon_000525.jpg,KEPT,train
beacon_000526.jpg,KEPT,train
beacon_000529.jpg,KEPT,train
beacon_000531.jpg,KEPT,train
beacon_000532.jpg,KEPT,train
beacon_000533.jpg,KEPT,train
beacon_000534.jpg,KEPT,train
beacon_000535.jpg,KEPT,train
beacon_000536.jpg,KEPT,train
beacon_000537.jpg,KEPT,train
beacon_000539.jpg,KEPT,train
beacon_000540.jpg,KEPT,train
beacon_000541.jpg,KEPT,train
beacon_000542.jpg,KEPT,train
beacon_000543.jpg,KEPT,train
beacon_000544.jpg,KEPT,train
beacon_000545.jpg,KEPT,train
beacon_000547.jpg,KEPT,train
beacon_000548.jpg,KEPT,train
beacon_000550.jpg,KEPT,train
beacon_000554.jpg,KEPT,train
beacon_000556.jpg,KEPT,train
beacon_000557.jpg,KEPT,train
beacon_000558.jpg,KEPT,train
beacon_000559.jpg,KEPT,train
beacon_000560.jpg,KEPT,train
beacon_000563.jpg,KEPT,train
beacon_000564.jpg,KEPT,train
beacon_000565.jpg,KEPT,train
beacon_000567.jpg,KEPT,train
beacon_000568.jpg,KEPT,train
beacon_000569.jpg,KEPT,train
beacon_000570.jpg,KEPT,train
beacon_000571.jpg,KEPT,train
beacon_000574.jpg,KEPT,train
beacon_000588.jpg,KEPT,train
beacon_000589.jpg,KEPT,train
beacon_000590.jpg,KEPT,train
beacon_000591.jpg,KEPT,train
beacon_000592.jpg,KEPT,train
beacon_000593.jpg,KEPT,train
beacon_000599.jpg,KEPT,train
beacon_000600.jpg,KEPT,train
beacon_000601.jpg,KEPT,train
beacon_000602.jpg,KEPT,train
beacon_000603.jpg,KEPT,train
beacon_000604.jpg,KEPT,train
beacon_000605.jpg,KEPT,train
beacon_000606.jpg,KEPT,train
beacon_000607.jpg,KEPT,train
beacon_000608.jpg,KEPT,train
beacon_000609.jpg,KEPT,train
beacon_000610.jpg,KEPT,train
beacon_000612.jpg,KEPT,train
beacon_000613.jpg,KEPT,train
beacon_000616.jpg,KEPT,train
beacon_000617.jpg,KEPT,train
beacon_000618.jpg,KEPT,train
beacon_000619.jpg,KEPT,train
beacon_000620.jpg,KEPT,train
beacon_000621.jpg,KEPT,train
beacon_000622.jpg,KEPT,train
beacon_000623.jpg,KEPT,train
beacon_000625.jpg,KEPT,train
beacon_000626.jpg,KEPT,train
beacon_000636.jpg,KEPT,train
beacon_000637.jpg,KEPT,train
beacon_000640.jpg,KEPT,train
beacon_000642.jpg,KEPT,train
beacon_000643.jpg,KEPT,train
beacon_000644.jpg,KEPT,train
beacon_000645.jpg,KEPT,train
beacon_000648.jpg,KEPT,train
beacon_000655.jpg,KEPT,train
beacon_000656.jpg,KEPT,train
beacon_000659.jpg,KEPT,train
beacon_000661.jpg,KEPT,train
beacon_000662.jpg,KEPT,train
beacon_000663.jpg,KEPT,train
beacon_000664.jpg,KEPT,train
beacon_000665.jpg,KEPT,train
beacon_000666.jpg,KEPT,train
beacon_000667.jpg,KEPT,train
beacon_000668.jpg,KEPT,train
beacon_000669.jpg,KEPT,train
beacon_000670.jpg,KEPT,train
beacon_000671.jpg,KEPT,train
beacon_000672.jpg,KEPT,train
beacon_000673.jpg,KEPT,train
beacon_000675.jpg,KEPT,train
beacon_000676.jpg,KEPT,train
beacon_000677.jpg,KEPT,train
beacon_000683.jpg,KEPT,train
beacon_000684.jpg,KEPT,train
beacon_000685.jpg,KEPT,train
beacon_000686.jpg,KEPT,train
beacon_000687.jpg,KEPT,train
beacon_000689.jpg,KEPT,train
beacon_000692.jpg,KEPT,train
beacon_000693.jpg,KEPT,train
beacon_000694.jpg,KEPT,train
beacon_000695.jpg,KEPT,train
beacon_000696.jpg,KEPT,train
beacon_000697.jpg,KEPT,train
beacon_000698.jpg,KEPT,train
beacon_000699.jpg,KEPT,train
beacon_000700.jpg,KEPT,train
beacon_000701.jpg,KEPT,train
beacon_000703.jpg,KEPT,train
beacon_000704.jpg,KEPT,train
beacon_000705.jpg,KEPT,train
beacon_000706.jpg,KEPT,train
beacon_000759.jpg,KEPT,train
beacon_000760.jpg,KEPT,train
beacon_000763.jpg,KEPT,train
beacon_000765.jpg,KEPT,train
beacon_000766.jpg,KEPT,train
beacon_000767.jpg,KEPT,train
beacon_000768.jpg,KEPT,train
beacon_000769.jpg,KEPT,train
beacon_000770.jpg,KEPT,train
beacon_000771.jpg,KEPT,train
beacon_000772.jpg,KEPT,train
beacon_000779.jpg,KEPT,train
beacon_000782.jpg,KEPT,train
beacon_000783.jpg,KEPT,train
beacon_000784.jpg,KEPT,train
beacon_000785.jpg,KEPT,train
beacon_000786.jpg,KEPT,train
beacon_000787.jpg,KEPT,train
beacon_000788.jpg,KEPT,train
beacon_000789.jpg,KEPT,train
beacon_000798.jpg,KEPT,train
beacon_000800.jpg,KEPT,train
beacon_000802.jpg,KEPT,train
beacon_000803.jpg,KEPT,train
beacon_000804.jpg,KEPT,train
beacon_000805.jpg,KEPT,train
beacon_000806.jpg,KEPT,train
beacon_000807.jpg,KEPT,train
beacon_000808.jpg,KEPT,train
beacon_000809.jpg,KEPT,train
beacon_000810.jpg,KEPT,train
beacon_000811.jpg,KEPT,train
beacon_000813.jpg,KEPT,train
beacon_000817.jpg,KEPT,train
beacon_000821.jpg,KEPT,train
beacon_000825.jpg,KEPT,train
beacon_000826.jpg,KEPT,train
beacon_000828.jpg,KEPT,train
beacon_000830.jpg,KEPT,train
beacon_000831.jpg,KEPT,train
beacon_000832.jpg,KEPT,train
beacon_000833.jpg,KEPT,train
beacon_000834.jpg,KEPT,train
beacon_000835.jpg,KEPT,train
beacon_000836.jpg,KEPT,train
beacon_000837.jpg,KEPT,train
beacon_000838.jpg,KEPT,train
beacon_000839.jpg,KEPT,train
beacon_000849.jpg,KEPT,train
beacon_000851.jpg,KEPT,train
beacon_000852.jpg,KEPT,train
beacon_000853.jpg,KEPT,train
beacon_000854.jpg,KEPT,train
beacon_000855.jpg,KEPT,train
beacon_000859.jpg,KEPT,train
beacon_000861.jpg,KEPT,train
beacon_000862.jpg,KEPT,train
beacon_000879.jpg,KEPT,train
beacon_000884.jpg,KEPT,train
beacon_000885.jpg,KEPT,train
beacon_000886.jpg,KEPT,train
beacon_000887.jpg,KEPT,train
beacon_000888.jpg,KEPT,train
beacon_000889.jpg,KEPT,train
beacon_000890.jpg,KEPT,train
beacon_000891.jpg,KEPT,train
beacon_000892.jpg,KEPT,train
beacon_000893.jpg,KEPT,train
beacon_000895.jpg,KEPT,train
beacon_000896.jpg,KEPT,train
beacon_000897.jpg,KEPT,train
beacon_000898.jpg,KEPT,train
beacon_000899.jpg,KEPT,train
beacon_000900.jpg,KEPT,train
beacon_000901.jpg,KEPT,train
beacon_000902.jpg,KEPT,train
beacon_000903.jpg,KEPT,train
beacon_000904.jpg,KEPT,train
beacon_000906.jpg,KEPT,train
beacon_000912.jpg,KEPT,train
beacon_000914.jpg,KEPT,train
beacon_000915.jpg,KEPT,train
beacon_000916.jpg,KEPT,train
beacon_000919.jpg,KEPT,train
beacon_000920.jpg,KEPT,train
beacon_000921.jpg,KEPT,train
beacon_000923.jpg,KEPT,train
beacon_000930.jpg,KEPT,train
beacon_000932.jpg,KEPT,train
beacon_000933.jpg,KEPT,train
beacon_000934.jpg,KEPT,train
beacon_000935.jpg,KEPT,train
beacon_000936.jpg,KEPT,train
beacon_000937.jpg,KEPT,train
beacon_000939.jpg,KEPT,train
beacon_000944.jpg,KEPT,train
beacon_000945.jpg,KEPT,train
beacon_000946.jpg,KEPT,train
beacon_000947.jpg,KEPT,train
beacon_000949.jpg,KEPT,train
beacon_000950.jpg,KEPT,train
beacon_000952.jpg,KEPT,train
beacon_000958.jpg,KEPT,train
beacon_000959.jpg,KEPT,train
beacon_000960.jpg,KEPT,train
beacon_000962.jpg,KEPT,train
beacon_000964.jpg,KEPT,train
beacon_000967.jpg,KEPT,train
beacon_000968.jpg,KEPT,train
beacon_000969.jpg,KEPT,train
beacon_000970.jpg,KEPT,train
beacon_000971.jpg,KEPT,train
beacon_000972.jpg,KEPT,train
beacon_000973.jpg,KEPT,train
beacon_000974.jpg,KEPT,train
beacon_000975.jpg,KEPT,train
beacon_000976.jpg,KEPT,train
beacon_000978.jpg,KEPT,train
beacon_000979.jpg,KEPT,train
beacon_000980.jpg,KEPT,train
beacon_001037.jpg,KEPT,train
beacon_001038.jpg,KEPT,train
beacon_001042.jpg,KEPT,train
beacon_001043.jpg,KEPT,train
beacon_001044.jpg,KEPT,train
beacon_001056.jpg,KEPT,train
beacon_001057.jpg,KEPT,train
beacon_001060.jpg,KEPT,train
beacon_001062.jpg,KEPT,train
beacon_001063.jpg,KEPT,train
beacon_001066.jpg,KEPT,train
beacon_001067.jpg,KEPT,train
beacon_001068.jpg,KEPT,train
beacon_001069.jpg,KEPT,train
beacon_001074.jpg,KEPT,train
beacon_001076.jpg,KEPT,train
beacon_001077.jpg,KEPT,train
beacon_001078.jpg,KEPT,train
beacon_001080.jpg,KEPT,train
beacon_001081.jpg,KEPT,train
beacon_001082.jpg,KEPT,train
beacon_001083.jpg,KEPT,train
beacon_001095.jpg,KEPT,train
beacon_001096.jpg,KEPT,train
beacon_001097.jpg,KEPT,train
beacon_001098.jpg,KEPT,train
beacon_001099.jpg,KEPT,train
beacon_001100.jpg,KEPT,train
beacon_001101.jpg,KEPT,train
beacon_001102.jpg,KEPT,train
beacon_001104.jpg,KEPT,train
beacon_001105.jpg,KEPT,train
beacon_001119.jpg,KEPT,train
beacon_001120.jpg,KEPT,train
beacon_001121.jpg,KEPT,train
beacon_001122.jpg,KEPT,train
beacon_001123.jpg,KEPT,train
beacon_001124.jpg,KEPT,train
beacon_001125.jpg,KEPT,train
beacon_001126.jpg,KEPT,train
beacon_001131.jpg,KEPT,train
beacon_001132.jpg,KEPT,train
beacon_001133.jpg,KEPT,train
beacon_001134.jpg,KEPT,train
beacon_001135.jpg,KEPT,train
beacon_001136.jpg,KEPT,train
beacon_001140.jpg,KEPT,train
beacon_001146.jpg,KEPT,train
beacon_001148.jpg,KEPT,train
beacon_001150.jpg,KEPT,train
beacon_001151.jpg,KEPT,train
beacon_001152.jpg,KEPT,train
beacon_001153.jpg,KEPT,train
beacon_001154.jpg,KEPT,train
beacon_001159.jpg,KEPT,train
beacon_001160.jpg,KEPT,train
beacon_001161.jpg,KEPT,train
beacon_001162.jpg,KEPT,train
beacon_001164.jpg,KEPT,train
beacon_001180.jpg,KEPT,train
beacon_001186.jpg,KEPT,train
beacon_001187.jpg,KEPT,train
beacon_001188.jpg,KEPT,train
beacon_001189.jpg,KEPT,train
beacon_001197.jpg,KEPT,train
beacon_001211.jpg,KEPT,train
beacon_001212.jpg,KEPT,train
beacon_001216.jpg,KEPT,train
beacon_001217.jpg,KEPT,train
beacon_001218.jpg,KEPT,train
beacon_001219.jpg,KEPT,train
beacon_001220.jpg,KEPT,train
beacon_001221.jpg,KEPT,train
beacon_001223.jpg,KEPT,train
beacon_001224.jpg,KEPT,train
beacon_001226.jpg,KEPT,train
beacon_001228.jpg,KEPT,train
beacon_001238.jpg,KEPT,train
beacon_001240.jpg,KEPT,train
beacon_001241.jpg,KEPT,train
beacon_001242.jpg,KEPT,train
beacon_001243.jpg,KEPT,train
beacon_001244.jpg,KEPT,train
beacon_001245.jpg,KEPT,train
beacon_001246.jpg,KEPT,train
beacon_001255.jpg,KEPT,train
beacon_001256.jpg,KEPT,train
beacon_001257.jpg,KEPT,train
beacon_001258.jpg,KEPT,train
beacon_001259.jpg,KEPT,train
beacon_001261.jpg,KEPT,train
beacon_001262.jpg,KEPT,train
beacon_001263.jpg,KEPT,train
beacon_001265.jpg,KEPT,train
beacon_001267.jpg,KEPT,train
beacon_001268.jpg,KEPT,train
beacon_001282.jpg,KEPT,train
beacon_001284.jpg,KEPT,train
beacon_001285.jpg,KEPT,train
beacon_001287.jpg,KEPT,train
beacon_001288.jpg,KEPT,train
beacon_001289.jpg,KEPT,train
beacon_001290.jpg,KEPT,train
beacon_001291.jpg,KEPT,train
beacon_001292.jpg,KEPT,train
beacon_001293.jpg,KEPT,train
beacon_001294.jpg,KEPT,train
beacon_001295.jpg,KEPT,train
beacon_001307.jpg,KEPT,train
beacon_001311.jpg,KEPT,train
beacon_001312.jpg,KEPT,train
beacon_001315.jpg,KEPT,train
beacon_001316.jpg,KEPT,train
beacon_001317.jpg,KEPT,train
beacon_001318.jpg,KEPT,train
beacon_001319.jpg,KEPT,train
beacon_001322.jpg,KEPT,train
beacon_001323.jpg,KEPT,train
beacon_001324.jpg,KEPT,train
beacon_001325.jpg,KEPT,train
beacon_001484.jpg,KEPT,train
beacon_001487.jpg,KEPT,train
beacon_001489.jpg,KEPT,train
beacon_001494.jpg,KEPT,train
beacon_001497.jpg,KEPT,train
beacon_001500.jpg,KEPT,train
beacon_001505.jpg,KEPT,train
beacon_001508.jpg,KEPT,train
beacon_001512.jpg,KEPT,train
beacon_001526.jpg,KEPT,train
beacon_001528.jpg,KEPT,train
beacon_001529.jpg,KEPT,train
beacon_001530.jpg,KEPT,train
beacon_001535.jpg,KEPT,train
beacon_001536.jpg,KEPT,train
beacon_001537.jpg,KEPT,train
beacon_001538.jpg,KEPT,train
beacon_001539.jpg,KEPT,train
beacon_001544.jpg,KEPT,train
beacon_001545.jpg,KEPT,train
beacon_001547.jpg,KEPT,train
beacon_001549.jpg,KEPT,train
beacon_001550.jpg,KEPT,train
beacon_001552.jpg,KEPT,train
beacon_001553.jpg,KEPT,train
beacon_001555.jpg,KEPT,train
beacon_001556.jpg,KEPT,train
beacon_001560.jpg,KEPT,train
beacon_001562.jpg,KEPT,train
beacon_001563.jpg,KEPT,train
beacon_001564.jpg,KEPT,train
beacon_001573.jpg,KEPT,train
beacon_001574.jpg,KEPT,train
beacon_001575.jpg,KEPT,train
beacon_001576.jpg,KEPT,train
beacon_001579.jpg,KEPT,train
beacon_001581.jpg,KEPT,train
beacon_001583.jpg,KEPT,train
beacon_001584.jpg,KEPT,train
beacon_001585.jpg,KEPT,train
beacon_001586.jpg,KEPT,train
beacon_001587.jpg,KEPT,train
beacon_001591.jpg,KEPT,train
beacon_001592.jpg,KEPT,train
beacon_001593.jpg,KEPT,train
beacon_001595.jpg,KEPT,train
beacon_001596.jpg,KEPT,train
beacon_001598.jpg,KEPT,train
beacon_001599.jpg,KEPT,train
beacon_001601.jpg,KEPT,train
beacon_001602.jpg,KEPT,train
beacon_001604.jpg,KEPT,train
beacon_001605.jpg,KEPT,train
beacon_001606.jpg,KEPT,train
beacon_001607.jpg,KEPT,train
beacon_001608.jpg,KEPT,train
beacon_001609.jpg,KEPT,train
beacon_001610.jpg,KEPT,train
beacon_001611.jpg,KEPT,train
beacon_001613.jpg,KEPT,train
beacon_001615.jpg,KEPT,train
beacon_001617.jpg,KEPT,train
beacon_001618.jpg,KEPT,train
beacon_001619.jpg,KEPT,train
beacon_001629.jpg,KEPT,train
beacon_001630.jpg,KEPT,train
beacon_001631.jpg,KEPT,train
beacon_001632.jpg,KEPT,train
beacon_001634.jpg,KEPT,train
beacon_001635.jpg,KEPT,train
beacon_001636.jpg,KEPT,train
beacon_001637.jpg,KEPT,train
beacon_001638.jpg,KEPT,train
beacon_001639.jpg,KEPT,train
beacon_001644.jpg,KEPT,train
beacon_001645.jpg,KEPT,train
beacon_001646.jpg,KEPT,train
beacon_001655.jpg,KEPT,train
beacon_001657.jpg,KEPT,train
beacon_001658.jpg,KEPT,train
beacon_001661.jpg,KEPT,train
beacon_001676.jpg,KEPT,train
beacon_001677.jpg,KEPT,train
beacon_001678.jpg,KEPT,train
beacon_001679.jpg,KEPT,train
beacon_001680.jpg,KEPT,train
beacon_001682.jpg,KEPT,train
beacon_001683.jpg,KEPT,train
beacon_001684.jpg,KEPT,train
beacon_001685.jpg,KEPT,train
beacon_001687.jpg,KEPT,train
beacon_001688.jpg,KEPT,train
beacon_001689.jpg,KEPT,train
beacon_001690.jpg,KEPT,train
beacon_001692.jpg,KEPT,train
beacon_001694.jpg,KEPT,train
beacon_001695.jpg,KEPT,train
beacon_001696.jpg,KEPT,train
beacon_001697.jpg,KEPT,train
beacon_001698.jpg,KEPT,train
beacon_001699.jpg,KEPT,train
beacon_001700.jpg,KEPT,train
beacon_001702.jpg,KEPT,train
beacon_001703.jpg,KEPT,train
beacon_001704.jpg,KEPT,train
beacon_001705.jpg,KEPT,train
beacon_001706.jpg,KEPT,train
beacon_001707.jpg,KEPT,train
beacon_001708.jpg,KEPT,train
beacon_001710.jpg,KEPT,train
beacon_001711.jpg,KEPT,train
beacon_001712.jpg,KEPT,train
beacon_001713.jpg,KEPT,train
beacon_001715.jpg,KEPT,train
beacon_001716.jpg,KEPT,train
beacon_001717.jpg,KEPT,train
beacon_001718.jpg,KEPT,train
beacon_001719.jpg,KEPT,train
beacon_001720.jpg,KEPT,train
beacon_001721.jpg,KEPT,train
beacon_001771.jpg,KEPT,train
beacon_001772.jpg,KEPT,train
beacon_001773.jpg,KEPT,train
beacon_001774.jpg,KEPT,train
beacon_001775.jpg,KEPT,train
beacon_001776.jpg,KEPT,train
beacon_001777.jpg,KEPT,train
beacon_001778.jpg,KEPT,train
beacon_001780.jpg,KEPT,train
beacon_001781.jpg,KEPT,train
beacon_001782.jpg,KEPT,train
beacon_001783.jpg,KEPT,train
beacon_001784.jpg,KEPT,train
beacon_001785.jpg,KEPT,train
beacon_001786.jpg,KEPT,train
beacon_001787.jpg,KEPT,train
beacon_001788.jpg,KEPT,train
beacon_000270.jpg,KEPT,val
beacon_000271.jpg,KEPT,val
beacon_000272.jpg,KEPT,val
beacon_000273.jpg,KEPT,val
beacon_000274.jpg,KEPT,val
beacon_000275.jpg,KEPT,val
beacon_000276.jpg,KEPT,val
beacon_000279.jpg,KEPT,val
beacon_000280.jpg,KEPT,val
beacon_000281.jpg,KEPT,val
beacon_000282.jpg,KEPT,val
beacon_000283.jpg,KEPT,val
beacon_000284.jpg,KEPT,val
beacon_000285.jpg,KEPT,val
beacon_000286.jpg,KEPT,val
beacon_000287.jpg,KEPT,val
beacon_000288.jpg,KEPT,val
beacon_000289.jpg,KEPT,val
beacon_000290.jpg,KEPT,val
beacon_000291.jpg,KEPT,val
beacon_000292.jpg,KEPT,val
beacon_000293.jpg,KEPT,val
beacon_000294.jpg,KEPT,val
beacon_000295.jpg,KEPT,val
beacon_000296.jpg,KEPT,val
beacon_000299.jpg,KEPT,val
beacon_000300.jpg,KEPT,val
beacon_000301.jpg,KEPT,val
beacon_000302.jpg,KEPT,val
beacon_000315.jpg,KEPT,val
beacon_000469.jpg,KEPT,val
beacon_000470.jpg,KEPT,val
beacon_000472.jpg,KEPT,val
beacon_000474.jpg,KEPT,val
beacon_000476.jpg,KEPT,val
beacon_000478.jpg,KEPT,val
beacon_000479.jpg,KEPT,val
beacon_000480.jpg,KEPT,val
beacon_000481.jpg,KEPT,val
beacon_000482.jpg,KEPT,val
beacon_000483.jpg,KEPT,val
beacon_000484.jpg,KEPT,val
beacon_000485.jpg,KEPT,val
beacon_000486.jpg,KEPT,val
beacon_000493.jpg,KEPT,val
beacon_000494.jpg,KEPT,val
beacon_000495.jpg,KEPT,val
beacon_000496.jpg,KEPT,val
beacon_000497.jpg,KEPT,val
beacon_000498.jpg,KEPT,val
beacon_000499.jpg,KEPT,val
beacon_000500.jpg,KEPT,val
beacon_000501.jpg,KEPT,val
beacon_000506.jpg,KEPT,val
beacon_000509.jpg,KEPT,val
beacon_000512.jpg,KEPT,val
beacon_000513.jpg,KEPT,val
beacon_000514.jpg,KEPT,val
beacon_000515.jpg,KEPT,val
beacon_000516.jpg,KEPT,val
beacon_000707.jpg,KEPT,val
beacon_000708.jpg,KEPT,val
beacon_000709.jpg,KEPT,val
beacon_000710.jpg,KEPT,val
beacon_000712.jpg,KEPT,val
beacon_000713.jpg,KEPT,val
beacon_000714.jpg,KEPT,val
beacon_000715.jpg,KEPT,val
beacon_000716.jpg,KEPT,val
beacon_000724.jpg,KEPT,val
beacon_000725.jpg,KEPT,val
beacon_000726.jpg,KEPT,val
beacon_000727.jpg,KEPT,val
beacon_000728.jpg,KEPT,val
beacon_000730.jpg,KEPT,val
beacon_000733.jpg,KEPT,val
beacon_000734.jpg,KEPT,val
beacon_000735.jpg,KEPT,val
beacon_000737.jpg,KEPT,val
beacon_000738.jpg,KEPT,val
beacon_000739.jpg,KEPT,val
beacon_000740.jpg,KEPT,val
beacon_000741.jpg,KEPT,val
beacon_000750.jpg,KEPT,val
beacon_000753.jpg,KEPT,val
beacon_000754.jpg,KEPT,val
beacon_000755.jpg,KEPT,val
beacon_000756.jpg,KEPT,val
beacon_000757.jpg,KEPT,val
beacon_000758.jpg,KEPT,val
beacon_000981.jpg,KEPT,val
beacon_000983.jpg,KEPT,val
beacon_000984.jpg,KEPT,val
beacon_000985.jpg,KEPT,val
beacon_000986.jpg,KEPT,val
beacon_001000.jpg,KEPT,val
beacon_001001.jpg,KEPT,val
beacon_001002.jpg,KEPT,val
beacon_001003.jpg,KEPT,val
beacon_001004.jpg,KEPT,val
beacon_001005.jpg,KEPT,val
beacon_001006.jpg,KEPT,val
beacon_001008.jpg,KEPT,val
beacon_001009.jpg,KEPT,val
beacon_001010.jpg,KEPT,val
beacon_001011.jpg,KEPT,val
beacon_001012.jpg,KEPT,val
beacon_001013.jpg,KEPT,val
beacon_001014.jpg,KEPT,val
beacon_001015.jpg,KEPT,val
beacon_001016.jpg,KEPT,val
beacon_001017.jpg,KEPT,val
beacon_001018.jpg,KEPT,val
beacon_001023.jpg,KEPT,val
beacon_001024.jpg,KEPT,val
beacon_001025.jpg,KEPT,val
beacon_001026.jpg,KEPT,val
beacon_001027.jpg,KEPT,val
beacon_001034.jpg,KEPT,val
beacon_001035.jpg,KEPT,val
beacon_001326.jpg,KEPT,val
beacon_001339.jpg,KEPT,val
beacon_001340.jpg,KEPT,val
beacon_001341.jpg,KEPT,val
beacon_001343.jpg,KEPT,val
beacon_001346.jpg,KEPT,val
beacon_001356.jpg,KEPT,val
beacon_001357.jpg,KEPT,val
beacon_001358.jpg,KEPT,val
beacon_001359.jpg,KEPT,val
beacon_001360.jpg,KEPT,val
beacon_001361.jpg,KEPT,val
beacon_001362.jpg,KEPT,val
beacon_001364.jpg,KEPT,val
beacon_001366.jpg,KEPT,val
beacon_001367.jpg,KEPT,val
beacon_001435.jpg,KEPT,val
beacon_001443.jpg,KEPT,val
beacon_001446.jpg,KEPT,val
beacon_001450.jpg,KEPT,val
beacon_001454.jpg,KEPT,val
beacon_001457.jpg,KEPT,val
beacon_001459.jpg,KEPT,val
beacon_001467.jpg,KEPT,val
beacon_001470.jpg,KEPT,val
beacon_001472.jpg,KEPT,val
beacon_001474.jpg,KEPT,val
beacon_001476.jpg,KEPT,val
beacon_001480.jpg,KEPT,val
beacon_001482.jpg,KEPT,val
beacon_001722.jpg,KEPT,val
beacon_001723.jpg,KEPT,val
beacon_001724.jpg,KEPT,val
beacon_001729.jpg,KEPT,val
beacon_001736.jpg,KEPT,val
beacon_001737.jpg,KEPT,val
beacon_001738.jpg,KEPT,val
beacon_001739.jpg,KEPT,val
beacon_001740.jpg,KEPT,val
beacon_001741.jpg,KEPT,val
beacon_001745.jpg,KEPT,val
beacon_001746.jpg,KEPT,val
beacon_001747.jpg,KEPT,val
beacon_001748.jpg,KEPT,val
beacon_001749.jpg,KEPT,val
beacon_001750.jpg,KEPT,val
beacon_001751.jpg,KEPT,val
beacon_001752.jpg,KEPT,val
beacon_001753.jpg,KEPT,val
beacon_001754.jpg,KEPT,val
beacon_001755.jpg,KEPT,val
beacon_001756.jpg,KEPT,val
beacon_001758.jpg,KEPT,val
beacon_001759.jpg,KEPT,val
beacon_001760.jpg,KEPT,val
beacon_001762.jpg,KEPT,val
beacon_001764.jpg,KEPT,val
beacon_001765.jpg,KEPT,val
beacon_001766.jpg,KEPT,val
beacon_001769.jpg,KEPT,val
